model_name,model_type,hardware,iteration,inference_time_sec,avg_time_sec,min_time_sec,max_time_sec,median_time_sec,stddev_time_sec
resnet,onnx,CPU,1,4.5582,4.5691,4.4805,4.9378,4.5662,0.0482
resnet,onnx,CPU,2,4.5457,4.5691,4.4805,4.9378,4.5662,0.0482
resnet,onnx,CPU,3,4.5729,4.5691,4.4805,4.9378,4.5662,0.0482
resnet,onnx,CPU,4,4.5567,4.5691,4.4805,4.9378,4.5662,0.0482
resnet,onnx,CPU,5,4.5462,4.5691,4.4805,4.9378,4.5662,0.0482
resnet,onnx,CPU,6,4.5978,4.5691,4.4805,4.9378,4.5662,0.0482
resnet,onnx,CPU,7,4.5196,4.5691,4.4805,4.9378,4.5662,0.0482
resnet,onnx,CPU,8,4.6043,4.5691,4.4805,4.9378,4.5662,0.0482
resnet,onnx,CPU,9,4.9378,4.5691,4.4805,4.9378,4.5662,0.0482
resnet,onnx,CPU,10,4.5839,4.5691,4.4805,4.9378,4.5662,0.0482
resnet,onnx,CPU,11,4.6011,4.5691,4.4805,4.9378,4.5662,0.0482
resnet,onnx,CPU,12,4.6028,4.5691,4.4805,4.9378,4.5662,0.0482
resnet,onnx,CPU,13,4.5670,4.5691,4.4805,4.9378,4.5662,0.0482
resnet,onnx,CPU,14,4.5960,4.5691,4.4805,4.9378,4.5662,0.0482
resnet,onnx,CPU,15,4.5851,4.5691,4.4805,4.9378,4.5662,0.0482
resnet,onnx,CPU,16,4.5724,4.5691,4.4805,4.9378,4.5662,0.0482
resnet,onnx,CPU,17,4.6200,4.5691,4.4805,4.9378,4.5662,0.0482
resnet,onnx,CPU,18,4.5664,4.5691,4.4805,4.9378,4.5662,0.0482
resnet,onnx,CPU,19,4.6021,4.5691,4.4805,4.9378,4.5662,0.0482
resnet,onnx,CPU,20,4.5854,4.5691,4.4805,4.9378,4.5662,0.0482
resnet,onnx,CPU,21,4.5532,4.5691,4.4805,4.9378,4.5662,0.0482
resnet,onnx,CPU,22,4.5731,4.5691,4.4805,4.9378,4.5662,0.0482
resnet,onnx,CPU,23,4.5377,4.5691,4.4805,4.9378,4.5662,0.0482
resnet,onnx,CPU,24,4.5755,4.5691,4.4805,4.9378,4.5662,0.0482
resnet,onnx,CPU,25,4.5515,4.5691,4.4805,4.9378,4.5662,0.0482
resnet,onnx,CPU,26,4.5592,4.5691,4.4805,4.9378,4.5662,0.0482
resnet,onnx,CPU,27,4.5940,4.5691,4.4805,4.9378,4.5662,0.0482
resnet,onnx,CPU,28,4.5577,4.5691,4.4805,4.9378,4.5662,0.0482
resnet,onnx,CPU,29,4.5197,4.5691,4.4805,4.9378,4.5662,0.0482
resnet,onnx,CPU,30,4.5577,4.5691,4.4805,4.9378,4.5662,0.0482
resnet,onnx,CPU,31,4.5527,4.5691,4.4805,4.9378,4.5662,0.0482
resnet,onnx,CPU,32,4.5662,4.5691,4.4805,4.9378,4.5662,0.0482
resnet,onnx,CPU,33,4.5332,4.5691,4.4805,4.9378,4.5662,0.0482
resnet,onnx,CPU,34,4.6117,4.5691,4.4805,4.9378,4.5662,0.0482
resnet,onnx,CPU,35,4.6111,4.5691,4.4805,4.9378,4.5662,0.0482
resnet,onnx,CPU,36,4.5849,4.5691,4.4805,4.9378,4.5662,0.0482
resnet,onnx,CPU,37,4.5670,4.5691,4.4805,4.9378,4.5662,0.0482
resnet,onnx,CPU,38,4.5701,4.5691,4.4805,4.9378,4.5662,0.0482
resnet,onnx,CPU,39,4.5886,4.5691,4.4805,4.9378,4.5662,0.0482
resnet,onnx,CPU,40,4.5393,4.5691,4.4805,4.9378,4.5662,0.0482
resnet,onnx,CPU,41,4.5735,4.5691,4.4805,4.9378,4.5662,0.0482
resnet,onnx,CPU,42,4.5891,4.5691,4.4805,4.9378,4.5662,0.0482
resnet,onnx,CPU,43,4.6382,4.5691,4.4805,4.9378,4.5662,0.0482
resnet,onnx,CPU,44,4.5714,4.5691,4.4805,4.9378,4.5662,0.0482
resnet,onnx,CPU,45,4.5343,4.5691,4.4805,4.9378,4.5662,0.0482
resnet,onnx,CPU,46,4.5786,4.5691,4.4805,4.9378,4.5662,0.0482
resnet,onnx,CPU,47,4.5714,4.5691,4.4805,4.9378,4.5662,0.0482
resnet,onnx,CPU,48,4.5235,4.5691,4.4805,4.9378,4.5662,0.0482
resnet,onnx,CPU,49,4.5772,4.5691,4.4805,4.9378,4.5662,0.0482
resnet,onnx,CPU,50,4.5542,4.5691,4.4805,4.9378,4.5662,0.0482
resnet,onnx,CPU,51,4.5900,4.5691,4.4805,4.9378,4.5662,0.0482
resnet,onnx,CPU,52,4.5722,4.5691,4.4805,4.9378,4.5662,0.0482
resnet,onnx,CPU,53,4.6043,4.5691,4.4805,4.9378,4.5662,0.0482
resnet,onnx,CPU,54,4.5902,4.5691,4.4805,4.9378,4.5662,0.0482
resnet,onnx,CPU,55,4.5764,4.5691,4.4805,4.9378,4.5662,0.0482
resnet,onnx,CPU,56,4.5985,4.5691,4.4805,4.9378,4.5662,0.0482
resnet,onnx,CPU,57,4.5214,4.5691,4.4805,4.9378,4.5662,0.0482
resnet,onnx,CPU,58,4.6028,4.5691,4.4805,4.9378,4.5662,0.0482
resnet,onnx,CPU,59,4.5423,4.5691,4.4805,4.9378,4.5662,0.0482
resnet,onnx,CPU,60,4.6411,4.5691,4.4805,4.9378,4.5662,0.0482
resnet,onnx,CPU,61,4.5867,4.5691,4.4805,4.9378,4.5662,0.0482
resnet,onnx,CPU,62,4.5396,4.5691,4.4805,4.9378,4.5662,0.0482
resnet,onnx,CPU,63,4.6293,4.5691,4.4805,4.9378,4.5662,0.0482
resnet,onnx,CPU,64,4.5703,4.5691,4.4805,4.9378,4.5662,0.0482
resnet,onnx,CPU,65,4.5658,4.5691,4.4805,4.9378,4.5662,0.0482
resnet,onnx,CPU,66,4.5946,4.5691,4.4805,4.9378,4.5662,0.0482
resnet,onnx,CPU,67,4.5540,4.5691,4.4805,4.9378,4.5662,0.0482
resnet,onnx,CPU,68,4.5468,4.5691,4.4805,4.9378,4.5662,0.0482
resnet,onnx,CPU,69,4.5421,4.5691,4.4805,4.9378,4.5662,0.0482
resnet,onnx,CPU,70,4.5370,4.5691,4.4805,4.9378,4.5662,0.0482
resnet,onnx,CPU,71,4.5574,4.5691,4.4805,4.9378,4.5662,0.0482
resnet,onnx,CPU,72,4.5458,4.5691,4.4805,4.9378,4.5662,0.0482
resnet,onnx,CPU,73,4.6307,4.5691,4.4805,4.9378,4.5662,0.0482
resnet,onnx,CPU,74,4.4805,4.5691,4.4805,4.9378,4.5662,0.0482
resnet,onnx,CPU,75,4.5661,4.5691,4.4805,4.9378,4.5662,0.0482
resnet,onnx,CPU,76,4.5264,4.5691,4.4805,4.9378,4.5662,0.0482
resnet,onnx,CPU,77,4.4984,4.5691,4.4805,4.9378,4.5662,0.0482
resnet,onnx,CPU,78,4.5119,4.5691,4.4805,4.9378,4.5662,0.0482
resnet,onnx,CPU,79,4.5940,4.5691,4.4805,4.9378,4.5662,0.0482
resnet,onnx,CPU,80,4.5480,4.5691,4.4805,4.9378,4.5662,0.0482
resnet,onnx,CPU,81,4.5350,4.5691,4.4805,4.9378,4.5662,0.0482
resnet,onnx,CPU,82,4.5902,4.5691,4.4805,4.9378,4.5662,0.0482
resnet,onnx,CPU,83,4.6033,4.5691,4.4805,4.9378,4.5662,0.0482
resnet,onnx,CPU,84,4.5246,4.5691,4.4805,4.9378,4.5662,0.0482
resnet,onnx,CPU,85,4.5580,4.5691,4.4805,4.9378,4.5662,0.0482
resnet,onnx,CPU,86,4.5533,4.5691,4.4805,4.9378,4.5662,0.0482
resnet,onnx,CPU,87,4.5274,4.5691,4.4805,4.9378,4.5662,0.0482
resnet,onnx,CPU,88,4.5660,4.5691,4.4805,4.9378,4.5662,0.0482
resnet,onnx,CPU,89,4.5723,4.5691,4.4805,4.9378,4.5662,0.0482
resnet,onnx,CPU,90,4.5566,4.5691,4.4805,4.9378,4.5662,0.0482
resnet,onnx,CPU,91,4.5540,4.5691,4.4805,4.9378,4.5662,0.0482
resnet,onnx,CPU,92,4.5620,4.5691,4.4805,4.9378,4.5662,0.0482
resnet,onnx,CPU,93,4.5352,4.5691,4.4805,4.9378,4.5662,0.0482
resnet,onnx,CPU,94,4.5434,4.5691,4.4805,4.9378,4.5662,0.0482
resnet,onnx,CPU,95,4.5187,4.5691,4.4805,4.9378,4.5662,0.0482
resnet,onnx,CPU,96,4.5772,4.5691,4.4805,4.9378,4.5662,0.0482
resnet,onnx,CPU,97,4.5331,4.5691,4.4805,4.9378,4.5662,0.0482
resnet,onnx,CPU,98,4.5252,4.5691,4.4805,4.9378,4.5662,0.0482
resnet,onnx,CPU,99,4.5387,4.5691,4.4805,4.9378,4.5662,0.0482
resnet,onnx,CPU,100,4.5388,4.5691,4.4805,4.9378,4.5662,0.0482
resnet,onnx,GPU,1,0.8019,0.7811,0.7335,0.8123,0.7793,0.0171
resnet,onnx,GPU,2,0.7811,0.7811,0.7335,0.8123,0.7793,0.0171
resnet,onnx,GPU,3,0.8046,0.7811,0.7335,0.8123,0.7793,0.0171
resnet,onnx,GPU,4,0.7949,0.7811,0.7335,0.8123,0.7793,0.0171
resnet,onnx,GPU,5,0.7934,0.7811,0.7335,0.8123,0.7793,0.0171
resnet,onnx,GPU,6,0.7953,0.7811,0.7335,0.8123,0.7793,0.0171
resnet,onnx,GPU,7,0.7869,0.7811,0.7335,0.8123,0.7793,0.0171
resnet,onnx,GPU,8,0.7541,0.7811,0.7335,0.8123,0.7793,0.0171
resnet,onnx,GPU,9,0.7952,0.7811,0.7335,0.8123,0.7793,0.0171
resnet,onnx,GPU,10,0.7913,0.7811,0.7335,0.8123,0.7793,0.0171
resnet,onnx,GPU,11,0.8123,0.7811,0.7335,0.8123,0.7793,0.0171
resnet,onnx,GPU,12,0.7794,0.7811,0.7335,0.8123,0.7793,0.0171
resnet,onnx,GPU,13,0.7941,0.7811,0.7335,0.8123,0.7793,0.0171
resnet,onnx,GPU,14,0.7865,0.7811,0.7335,0.8123,0.7793,0.0171
resnet,onnx,GPU,15,0.7739,0.7811,0.7335,0.8123,0.7793,0.0171
resnet,onnx,GPU,16,0.7752,0.7811,0.7335,0.8123,0.7793,0.0171
resnet,onnx,GPU,17,0.7755,0.7811,0.7335,0.8123,0.7793,0.0171
resnet,onnx,GPU,18,0.7784,0.7811,0.7335,0.8123,0.7793,0.0171
resnet,onnx,GPU,19,0.7792,0.7811,0.7335,0.8123,0.7793,0.0171
resnet,onnx,GPU,20,0.7499,0.7811,0.7335,0.8123,0.7793,0.0171
resnet,onnx,GPU,21,0.7707,0.7811,0.7335,0.8123,0.7793,0.0171
resnet,onnx,GPU,22,0.7335,0.7811,0.7335,0.8123,0.7793,0.0171
resnet,onnx,GPU,23,0.7743,0.7811,0.7335,0.8123,0.7793,0.0171
resnet,onnx,GPU,24,0.7521,0.7811,0.7335,0.8123,0.7793,0.0171
resnet,onnx,GPU,25,0.7529,0.7811,0.7335,0.8123,0.7793,0.0171
resnet,onnx,GPU,26,0.7583,0.7811,0.7335,0.8123,0.7793,0.0171
resnet,onnx,GPU,27,0.7654,0.7811,0.7335,0.8123,0.7793,0.0171
resnet,onnx,GPU,28,0.7472,0.7811,0.7335,0.8123,0.7793,0.0171
resnet,onnx,GPU,29,0.7898,0.7811,0.7335,0.8123,0.7793,0.0171
resnet,onnx,GPU,30,0.7754,0.7811,0.7335,0.8123,0.7793,0.0171
resnet,onnx,GPU,31,0.7580,0.7811,0.7335,0.8123,0.7793,0.0171
resnet,onnx,GPU,32,0.7791,0.7811,0.7335,0.8123,0.7793,0.0171
resnet,onnx,GPU,33,0.7638,0.7811,0.7335,0.8123,0.7793,0.0171
resnet,onnx,GPU,34,0.7902,0.7811,0.7335,0.8123,0.7793,0.0171
resnet,onnx,GPU,35,0.7740,0.7811,0.7335,0.8123,0.7793,0.0171
resnet,onnx,GPU,36,0.7951,0.7811,0.7335,0.8123,0.7793,0.0171
resnet,onnx,GPU,37,0.7565,0.7811,0.7335,0.8123,0.7793,0.0171
resnet,onnx,GPU,38,0.7593,0.7811,0.7335,0.8123,0.7793,0.0171
resnet,onnx,GPU,39,0.7661,0.7811,0.7335,0.8123,0.7793,0.0171
resnet,onnx,GPU,40,0.7956,0.7811,0.7335,0.8123,0.7793,0.0171
resnet,onnx,GPU,41,0.7952,0.7811,0.7335,0.8123,0.7793,0.0171
resnet,onnx,GPU,42,0.7927,0.7811,0.7335,0.8123,0.7793,0.0171
resnet,onnx,GPU,43,0.7775,0.7811,0.7335,0.8123,0.7793,0.0171
resnet,onnx,GPU,44,0.7930,0.7811,0.7335,0.8123,0.7793,0.0171
resnet,onnx,GPU,45,0.7633,0.7811,0.7335,0.8123,0.7793,0.0171
resnet,onnx,GPU,46,0.7670,0.7811,0.7335,0.8123,0.7793,0.0171
resnet,onnx,GPU,47,0.7742,0.7811,0.7335,0.8123,0.7793,0.0171
resnet,onnx,GPU,48,0.7755,0.7811,0.7335,0.8123,0.7793,0.0171
resnet,onnx,GPU,49,0.7876,0.7811,0.7335,0.8123,0.7793,0.0171
resnet,onnx,GPU,50,0.7997,0.7811,0.7335,0.8123,0.7793,0.0171
resnet,onnx,GPU,51,0.7791,0.7811,0.7335,0.8123,0.7793,0.0171
resnet,onnx,GPU,52,0.7774,0.7811,0.7335,0.8123,0.7793,0.0171
resnet,onnx,GPU,53,0.8003,0.7811,0.7335,0.8123,0.7793,0.0171
resnet,onnx,GPU,54,0.7673,0.7811,0.7335,0.8123,0.7793,0.0171
resnet,onnx,GPU,55,0.8024,0.7811,0.7335,0.8123,0.7793,0.0171
resnet,onnx,GPU,56,0.7971,0.7811,0.7335,0.8123,0.7793,0.0171
resnet,onnx,GPU,57,0.7959,0.7811,0.7335,0.8123,0.7793,0.0171
resnet,onnx,GPU,58,0.7594,0.7811,0.7335,0.8123,0.7793,0.0171
resnet,onnx,GPU,59,0.7831,0.7811,0.7335,0.8123,0.7793,0.0171
resnet,onnx,GPU,60,0.7932,0.7811,0.7335,0.8123,0.7793,0.0171
resnet,onnx,GPU,61,0.7600,0.7811,0.7335,0.8123,0.7793,0.0171
resnet,onnx,GPU,62,0.8043,0.7811,0.7335,0.8123,0.7793,0.0171
resnet,onnx,GPU,63,0.7796,0.7811,0.7335,0.8123,0.7793,0.0171
resnet,onnx,GPU,64,0.8006,0.7811,0.7335,0.8123,0.7793,0.0171
resnet,onnx,GPU,65,0.8082,0.7811,0.7335,0.8123,0.7793,0.0171
resnet,onnx,GPU,66,0.7858,0.7811,0.7335,0.8123,0.7793,0.0171
resnet,onnx,GPU,67,0.7660,0.7811,0.7335,0.8123,0.7793,0.0171
resnet,onnx,GPU,68,0.7646,0.7811,0.7335,0.8123,0.7793,0.0171
resnet,onnx,GPU,69,0.7953,0.7811,0.7335,0.8123,0.7793,0.0171
resnet,onnx,GPU,70,0.7604,0.7811,0.7335,0.8123,0.7793,0.0171
resnet,onnx,GPU,71,0.8073,0.7811,0.7335,0.8123,0.7793,0.0171
resnet,onnx,GPU,72,0.7992,0.7811,0.7335,0.8123,0.7793,0.0171
resnet,onnx,GPU,73,0.7692,0.7811,0.7335,0.8123,0.7793,0.0171
resnet,onnx,GPU,74,0.7784,0.7811,0.7335,0.8123,0.7793,0.0171
resnet,onnx,GPU,75,0.8001,0.7811,0.7335,0.8123,0.7793,0.0171
resnet,onnx,GPU,76,0.7531,0.7811,0.7335,0.8123,0.7793,0.0171
resnet,onnx,GPU,77,0.7618,0.7811,0.7335,0.8123,0.7793,0.0171
resnet,onnx,GPU,78,0.7744,0.7811,0.7335,0.8123,0.7793,0.0171
resnet,onnx,GPU,79,0.8018,0.7811,0.7335,0.8123,0.7793,0.0171
resnet,onnx,GPU,80,0.7646,0.7811,0.7335,0.8123,0.7793,0.0171
resnet,onnx,GPU,81,0.7890,0.7811,0.7335,0.8123,0.7793,0.0171
resnet,onnx,GPU,82,0.7711,0.7811,0.7335,0.8123,0.7793,0.0171
resnet,onnx,GPU,83,0.7960,0.7811,0.7335,0.8123,0.7793,0.0171
resnet,onnx,GPU,84,0.7812,0.7811,0.7335,0.8123,0.7793,0.0171
resnet,onnx,GPU,85,0.7638,0.7811,0.7335,0.8123,0.7793,0.0171
resnet,onnx,GPU,86,0.7986,0.7811,0.7335,0.8123,0.7793,0.0171
resnet,onnx,GPU,87,0.7631,0.7811,0.7335,0.8123,0.7793,0.0171
resnet,onnx,GPU,88,0.7790,0.7811,0.7335,0.8123,0.7793,0.0171
resnet,onnx,GPU,89,0.8019,0.7811,0.7335,0.8123,0.7793,0.0171
resnet,onnx,GPU,90,0.7968,0.7811,0.7335,0.8123,0.7793,0.0171
resnet,onnx,GPU,91,0.7990,0.7811,0.7335,0.8123,0.7793,0.0171
resnet,onnx,GPU,92,0.8104,0.7811,0.7335,0.8123,0.7793,0.0171
resnet,onnx,GPU,93,0.7791,0.7811,0.7335,0.8123,0.7793,0.0171
resnet,onnx,GPU,94,0.7651,0.7811,0.7335,0.8123,0.7793,0.0171
resnet,onnx,GPU,95,0.7692,0.7811,0.7335,0.8123,0.7793,0.0171
resnet,onnx,GPU,96,0.7736,0.7811,0.7335,0.8123,0.7793,0.0171
resnet,onnx,GPU,97,0.8087,0.7811,0.7335,0.8123,0.7793,0.0171
resnet,onnx,GPU,98,0.7977,0.7811,0.7335,0.8123,0.7793,0.0171
resnet,onnx,GPU,99,0.8010,0.7811,0.7335,0.8123,0.7793,0.0171
resnet,onnx,GPU,100,0.7917,0.7811,0.7335,0.8123,0.7793,0.0171
resnet,pytorch,CPU,1,7.1487,7.1377,7.0519,7.2403,7.1355,0.0387
resnet,pytorch,CPU,2,7.1693,7.1377,7.0519,7.2403,7.1355,0.0387
resnet,pytorch,CPU,3,7.1571,7.1377,7.0519,7.2403,7.1355,0.0387
resnet,pytorch,CPU,4,7.1574,7.1377,7.0519,7.2403,7.1355,0.0387
resnet,pytorch,CPU,5,7.1074,7.1377,7.0519,7.2403,7.1355,0.0387
resnet,pytorch,CPU,6,7.1118,7.1377,7.0519,7.2403,7.1355,0.0387
resnet,pytorch,CPU,7,7.1467,7.1377,7.0519,7.2403,7.1355,0.0387
resnet,pytorch,CPU,8,7.1933,7.1377,7.0519,7.2403,7.1355,0.0387
resnet,pytorch,CPU,9,7.1617,7.1377,7.0519,7.2403,7.1355,0.0387
resnet,pytorch,CPU,10,7.1303,7.1377,7.0519,7.2403,7.1355,0.0387
resnet,pytorch,CPU,11,7.1823,7.1377,7.0519,7.2403,7.1355,0.0387
resnet,pytorch,CPU,12,7.1401,7.1377,7.0519,7.2403,7.1355,0.0387
resnet,pytorch,CPU,13,7.1807,7.1377,7.0519,7.2403,7.1355,0.0387
resnet,pytorch,CPU,14,7.1408,7.1377,7.0519,7.2403,7.1355,0.0387
resnet,pytorch,CPU,15,7.1518,7.1377,7.0519,7.2403,7.1355,0.0387
resnet,pytorch,CPU,16,7.0757,7.1377,7.0519,7.2403,7.1355,0.0387
resnet,pytorch,CPU,17,7.1085,7.1377,7.0519,7.2403,7.1355,0.0387
resnet,pytorch,CPU,18,7.1580,7.1377,7.0519,7.2403,7.1355,0.0387
resnet,pytorch,CPU,19,7.1083,7.1377,7.0519,7.2403,7.1355,0.0387
resnet,pytorch,CPU,20,7.1191,7.1377,7.0519,7.2403,7.1355,0.0387
resnet,pytorch,CPU,21,7.0969,7.1377,7.0519,7.2403,7.1355,0.0387
resnet,pytorch,CPU,22,7.1505,7.1377,7.0519,7.2403,7.1355,0.0387
resnet,pytorch,CPU,23,7.1340,7.1377,7.0519,7.2403,7.1355,0.0387
resnet,pytorch,CPU,24,7.1547,7.1377,7.0519,7.2403,7.1355,0.0387
resnet,pytorch,CPU,25,7.1453,7.1377,7.0519,7.2403,7.1355,0.0387
resnet,pytorch,CPU,26,7.0948,7.1377,7.0519,7.2403,7.1355,0.0387
resnet,pytorch,CPU,27,7.1393,7.1377,7.0519,7.2403,7.1355,0.0387
resnet,pytorch,CPU,28,7.1362,7.1377,7.0519,7.2403,7.1355,0.0387
resnet,pytorch,CPU,29,7.1235,7.1377,7.0519,7.2403,7.1355,0.0387
resnet,pytorch,CPU,30,7.1417,7.1377,7.0519,7.2403,7.1355,0.0387
resnet,pytorch,CPU,31,7.0969,7.1377,7.0519,7.2403,7.1355,0.0387
resnet,pytorch,CPU,32,7.1630,7.1377,7.0519,7.2403,7.1355,0.0387
resnet,pytorch,CPU,33,7.1131,7.1377,7.0519,7.2403,7.1355,0.0387
resnet,pytorch,CPU,34,7.1025,7.1377,7.0519,7.2403,7.1355,0.0387
resnet,pytorch,CPU,35,7.1323,7.1377,7.0519,7.2403,7.1355,0.0387
resnet,pytorch,CPU,36,7.1349,7.1377,7.0519,7.2403,7.1355,0.0387
resnet,pytorch,CPU,37,7.1373,7.1377,7.0519,7.2403,7.1355,0.0387
resnet,pytorch,CPU,38,7.1258,7.1377,7.0519,7.2403,7.1355,0.0387
resnet,pytorch,CPU,39,7.1491,7.1377,7.0519,7.2403,7.1355,0.0387
resnet,pytorch,CPU,40,7.1094,7.1377,7.0519,7.2403,7.1355,0.0387
resnet,pytorch,CPU,41,7.1275,7.1377,7.0519,7.2403,7.1355,0.0387
resnet,pytorch,CPU,42,7.1149,7.1377,7.0519,7.2403,7.1355,0.0387
resnet,pytorch,CPU,43,7.1389,7.1377,7.0519,7.2403,7.1355,0.0387
resnet,pytorch,CPU,44,7.1006,7.1377,7.0519,7.2403,7.1355,0.0387
resnet,pytorch,CPU,45,7.1166,7.1377,7.0519,7.2403,7.1355,0.0387
resnet,pytorch,CPU,46,7.1005,7.1377,7.0519,7.2403,7.1355,0.0387
resnet,pytorch,CPU,47,7.0923,7.1377,7.0519,7.2403,7.1355,0.0387
resnet,pytorch,CPU,48,7.1225,7.1377,7.0519,7.2403,7.1355,0.0387
resnet,pytorch,CPU,49,7.1092,7.1377,7.0519,7.2403,7.1355,0.0387
resnet,pytorch,CPU,50,7.0737,7.1377,7.0519,7.2403,7.1355,0.0387
resnet,pytorch,CPU,51,7.1167,7.1377,7.0519,7.2403,7.1355,0.0387
resnet,pytorch,CPU,52,7.0968,7.1377,7.0519,7.2403,7.1355,0.0387
resnet,pytorch,CPU,53,7.1387,7.1377,7.0519,7.2403,7.1355,0.0387
resnet,pytorch,CPU,54,7.0820,7.1377,7.0519,7.2403,7.1355,0.0387
resnet,pytorch,CPU,55,7.0958,7.1377,7.0519,7.2403,7.1355,0.0387
resnet,pytorch,CPU,56,7.1066,7.1377,7.0519,7.2403,7.1355,0.0387
resnet,pytorch,CPU,57,7.1039,7.1377,7.0519,7.2403,7.1355,0.0387
resnet,pytorch,CPU,58,7.1310,7.1377,7.0519,7.2403,7.1355,0.0387
resnet,pytorch,CPU,59,7.1300,7.1377,7.0519,7.2403,7.1355,0.0387
resnet,pytorch,CPU,60,7.1499,7.1377,7.0519,7.2403,7.1355,0.0387
resnet,pytorch,CPU,61,7.1056,7.1377,7.0519,7.2403,7.1355,0.0387
resnet,pytorch,CPU,62,7.0519,7.1377,7.0519,7.2403,7.1355,0.0387
resnet,pytorch,CPU,63,7.0912,7.1377,7.0519,7.2403,7.1355,0.0387
resnet,pytorch,CPU,64,7.1115,7.1377,7.0519,7.2403,7.1355,0.0387
resnet,pytorch,CPU,65,7.2403,7.1377,7.0519,7.2403,7.1355,0.0387
resnet,pytorch,CPU,66,7.0681,7.1377,7.0519,7.2403,7.1355,0.0387
resnet,pytorch,CPU,67,7.1092,7.1377,7.0519,7.2403,7.1355,0.0387
resnet,pytorch,CPU,68,7.1279,7.1377,7.0519,7.2403,7.1355,0.0387
resnet,pytorch,CPU,69,7.1110,7.1377,7.0519,7.2403,7.1355,0.0387
resnet,pytorch,CPU,70,7.0904,7.1377,7.0519,7.2403,7.1355,0.0387
resnet,pytorch,CPU,71,7.1222,7.1377,7.0519,7.2403,7.1355,0.0387
resnet,pytorch,CPU,72,7.1425,7.1377,7.0519,7.2403,7.1355,0.0387
resnet,pytorch,CPU,73,7.1155,7.1377,7.0519,7.2403,7.1355,0.0387
resnet,pytorch,CPU,74,7.1425,7.1377,7.0519,7.2403,7.1355,0.0387
resnet,pytorch,CPU,75,7.1560,7.1377,7.0519,7.2403,7.1355,0.0387
resnet,pytorch,CPU,76,7.1392,7.1377,7.0519,7.2403,7.1355,0.0387
resnet,pytorch,CPU,77,7.1153,7.1377,7.0519,7.2403,7.1355,0.0387
resnet,pytorch,CPU,78,7.1121,7.1377,7.0519,7.2403,7.1355,0.0387
resnet,pytorch,CPU,79,7.1084,7.1377,7.0519,7.2403,7.1355,0.0387
resnet,pytorch,CPU,80,7.2253,7.1377,7.0519,7.2403,7.1355,0.0387
resnet,pytorch,CPU,81,7.1860,7.1377,7.0519,7.2403,7.1355,0.0387
resnet,pytorch,CPU,82,7.1959,7.1377,7.0519,7.2403,7.1355,0.0387
resnet,pytorch,CPU,83,7.2228,7.1377,7.0519,7.2403,7.1355,0.0387
resnet,pytorch,CPU,84,7.2294,7.1377,7.0519,7.2403,7.1355,0.0387
resnet,pytorch,CPU,85,7.1626,7.1377,7.0519,7.2403,7.1355,0.0387
resnet,pytorch,CPU,86,7.2256,7.1377,7.0519,7.2403,7.1355,0.0387
resnet,pytorch,CPU,87,7.1414,7.1377,7.0519,7.2403,7.1355,0.0387
resnet,pytorch,CPU,88,7.2179,7.1377,7.0519,7.2403,7.1355,0.0387
resnet,pytorch,CPU,89,7.1592,7.1377,7.0519,7.2403,7.1355,0.0387
resnet,pytorch,CPU,90,7.1508,7.1377,7.0519,7.2403,7.1355,0.0387
resnet,pytorch,CPU,91,7.2043,7.1377,7.0519,7.2403,7.1355,0.0387
resnet,pytorch,CPU,92,7.2189,7.1377,7.0519,7.2403,7.1355,0.0387
resnet,pytorch,CPU,93,7.1101,7.1377,7.0519,7.2403,7.1355,0.0387
resnet,pytorch,CPU,94,7.2059,7.1377,7.0519,7.2403,7.1355,0.0387
resnet,pytorch,CPU,95,7.1398,7.1377,7.0519,7.2403,7.1355,0.0387
resnet,pytorch,CPU,96,7.1892,7.1377,7.0519,7.2403,7.1355,0.0387
resnet,pytorch,CPU,97,7.1877,7.1377,7.0519,7.2403,7.1355,0.0387
resnet,pytorch,CPU,98,7.1401,7.1377,7.0519,7.2403,7.1355,0.0387
resnet,pytorch,CPU,99,7.1594,7.1377,7.0519,7.2403,7.1355,0.0387
resnet,pytorch,CPU,100,7.1603,7.1377,7.0519,7.2403,7.1355,0.0387
resnet,pytorch,GPU,1,0.8157,0.7911,0.7607,0.8157,0.7966,0.0166
resnet,pytorch,GPU,2,0.8068,0.7911,0.7607,0.8157,0.7966,0.0166
resnet,pytorch,GPU,3,0.8037,0.7911,0.7607,0.8157,0.7966,0.0166
resnet,pytorch,GPU,4,0.7999,0.7911,0.7607,0.8157,0.7966,0.0166
resnet,pytorch,GPU,5,0.8107,0.7911,0.7607,0.8157,0.7966,0.0166
resnet,pytorch,GPU,6,0.8031,0.7911,0.7607,0.8157,0.7966,0.0166
resnet,pytorch,GPU,7,0.7698,0.7911,0.7607,0.8157,0.7966,0.0166
resnet,pytorch,GPU,8,0.8075,0.7911,0.7607,0.8157,0.7966,0.0166
resnet,pytorch,GPU,9,0.8048,0.7911,0.7607,0.8157,0.7966,0.0166
resnet,pytorch,GPU,10,0.8123,0.7911,0.7607,0.8157,0.7966,0.0166
resnet,pytorch,GPU,11,0.7707,0.7911,0.7607,0.8157,0.7966,0.0166
resnet,pytorch,GPU,12,0.7738,0.7911,0.7607,0.8157,0.7966,0.0166
resnet,pytorch,GPU,13,0.8001,0.7911,0.7607,0.8157,0.7966,0.0166
resnet,pytorch,GPU,14,0.7708,0.7911,0.7607,0.8157,0.7966,0.0166
resnet,pytorch,GPU,15,0.8088,0.7911,0.7607,0.8157,0.7966,0.0166
resnet,pytorch,GPU,16,0.7916,0.7911,0.7607,0.8157,0.7966,0.0166
resnet,pytorch,GPU,17,0.7830,0.7911,0.7607,0.8157,0.7966,0.0166
resnet,pytorch,GPU,18,0.8073,0.7911,0.7607,0.8157,0.7966,0.0166
resnet,pytorch,GPU,19,0.8077,0.7911,0.7607,0.8157,0.7966,0.0166
resnet,pytorch,GPU,20,0.7794,0.7911,0.7607,0.8157,0.7966,0.0166
resnet,pytorch,GPU,21,0.7738,0.7911,0.7607,0.8157,0.7966,0.0166
resnet,pytorch,GPU,22,0.7720,0.7911,0.7607,0.8157,0.7966,0.0166
resnet,pytorch,GPU,23,0.8120,0.7911,0.7607,0.8157,0.7966,0.0166
resnet,pytorch,GPU,24,0.8085,0.7911,0.7607,0.8157,0.7966,0.0166
resnet,pytorch,GPU,25,0.7687,0.7911,0.7607,0.8157,0.7966,0.0166
resnet,pytorch,GPU,26,0.8114,0.7911,0.7607,0.8157,0.7966,0.0166
resnet,pytorch,GPU,27,0.8087,0.7911,0.7607,0.8157,0.7966,0.0166
resnet,pytorch,GPU,28,0.7744,0.7911,0.7607,0.8157,0.7966,0.0166
resnet,pytorch,GPU,29,0.7772,0.7911,0.7607,0.8157,0.7966,0.0166
resnet,pytorch,GPU,30,0.8119,0.7911,0.7607,0.8157,0.7966,0.0166
resnet,pytorch,GPU,31,0.8097,0.7911,0.7607,0.8157,0.7966,0.0166
resnet,pytorch,GPU,32,0.8078,0.7911,0.7607,0.8157,0.7966,0.0166
resnet,pytorch,GPU,33,0.8099,0.7911,0.7607,0.8157,0.7966,0.0166
resnet,pytorch,GPU,34,0.8055,0.7911,0.7607,0.8157,0.7966,0.0166
resnet,pytorch,GPU,35,0.7721,0.7911,0.7607,0.8157,0.7966,0.0166
resnet,pytorch,GPU,36,0.7709,0.7911,0.7607,0.8157,0.7966,0.0166
resnet,pytorch,GPU,37,0.7774,0.7911,0.7607,0.8157,0.7966,0.0166
resnet,pytorch,GPU,38,0.8120,0.7911,0.7607,0.8157,0.7966,0.0166
resnet,pytorch,GPU,39,0.7800,0.7911,0.7607,0.8157,0.7966,0.0166
resnet,pytorch,GPU,40,0.7727,0.7911,0.7607,0.8157,0.7966,0.0166
resnet,pytorch,GPU,41,0.7875,0.7911,0.7607,0.8157,0.7966,0.0166
resnet,pytorch,GPU,42,0.8085,0.7911,0.7607,0.8157,0.7966,0.0166
resnet,pytorch,GPU,43,0.8000,0.7911,0.7607,0.8157,0.7966,0.0166
resnet,pytorch,GPU,44,0.8119,0.7911,0.7607,0.8157,0.7966,0.0166
resnet,pytorch,GPU,45,0.7768,0.7911,0.7607,0.8157,0.7966,0.0166
resnet,pytorch,GPU,46,0.8105,0.7911,0.7607,0.8157,0.7966,0.0166
resnet,pytorch,GPU,47,0.7966,0.7911,0.7607,0.8157,0.7966,0.0166
resnet,pytorch,GPU,48,0.7697,0.7911,0.7607,0.8157,0.7966,0.0166
resnet,pytorch,GPU,49,0.7669,0.7911,0.7607,0.8157,0.7966,0.0166
resnet,pytorch,GPU,50,0.8048,0.7911,0.7607,0.8157,0.7966,0.0166
resnet,pytorch,GPU,51,0.7767,0.7911,0.7607,0.8157,0.7966,0.0166
resnet,pytorch,GPU,52,0.7923,0.7911,0.7607,0.8157,0.7966,0.0166
resnet,pytorch,GPU,53,0.7869,0.7911,0.7607,0.8157,0.7966,0.0166
resnet,pytorch,GPU,54,0.8078,0.7911,0.7607,0.8157,0.7966,0.0166
resnet,pytorch,GPU,55,0.7644,0.7911,0.7607,0.8157,0.7966,0.0166
resnet,pytorch,GPU,56,0.7886,0.7911,0.7607,0.8157,0.7966,0.0166
resnet,pytorch,GPU,57,0.7689,0.7911,0.7607,0.8157,0.7966,0.0166
resnet,pytorch,GPU,58,0.7718,0.7911,0.7607,0.8157,0.7966,0.0166
resnet,pytorch,GPU,59,0.8036,0.7911,0.7607,0.8157,0.7966,0.0166
resnet,pytorch,GPU,60,0.7957,0.7911,0.7607,0.8157,0.7966,0.0166
resnet,pytorch,GPU,61,0.7839,0.7911,0.7607,0.8157,0.7966,0.0166
resnet,pytorch,GPU,62,0.7991,0.7911,0.7607,0.8157,0.7966,0.0166
resnet,pytorch,GPU,63,0.8046,0.7911,0.7607,0.8157,0.7966,0.0166
resnet,pytorch,GPU,64,0.8046,0.7911,0.7607,0.8157,0.7966,0.0166
resnet,pytorch,GPU,65,0.7685,0.7911,0.7607,0.8157,0.7966,0.0166
resnet,pytorch,GPU,66,0.8082,0.7911,0.7607,0.8157,0.7966,0.0166
resnet,pytorch,GPU,67,0.8099,0.7911,0.7607,0.8157,0.7966,0.0166
resnet,pytorch,GPU,68,0.8126,0.7911,0.7607,0.8157,0.7966,0.0166
resnet,pytorch,GPU,69,0.7731,0.7911,0.7607,0.8157,0.7966,0.0166
resnet,pytorch,GPU,70,0.7976,0.7911,0.7607,0.8157,0.7966,0.0166
resnet,pytorch,GPU,71,0.7988,0.7911,0.7607,0.8157,0.7966,0.0166
resnet,pytorch,GPU,72,0.7607,0.7911,0.7607,0.8157,0.7966,0.0166
resnet,pytorch,GPU,73,0.7980,0.7911,0.7607,0.8157,0.7966,0.0166
resnet,pytorch,GPU,74,0.7966,0.7911,0.7607,0.8157,0.7966,0.0166
resnet,pytorch,GPU,75,0.7864,0.7911,0.7607,0.8157,0.7966,0.0166
resnet,pytorch,GPU,76,0.7990,0.7911,0.7607,0.8157,0.7966,0.0166
resnet,pytorch,GPU,77,0.8023,0.7911,0.7607,0.8157,0.7966,0.0166
resnet,pytorch,GPU,78,0.7994,0.7911,0.7607,0.8157,0.7966,0.0166
resnet,pytorch,GPU,79,0.7940,0.7911,0.7607,0.8157,0.7966,0.0166
resnet,pytorch,GPU,80,0.7649,0.7911,0.7607,0.8157,0.7966,0.0166
resnet,pytorch,GPU,81,0.7682,0.7911,0.7607,0.8157,0.7966,0.0166
resnet,pytorch,GPU,82,0.8102,0.7911,0.7607,0.8157,0.7966,0.0166
resnet,pytorch,GPU,83,0.7963,0.7911,0.7607,0.8157,0.7966,0.0166
resnet,pytorch,GPU,84,0.7836,0.7911,0.7607,0.8157,0.7966,0.0166
resnet,pytorch,GPU,85,0.8037,0.7911,0.7607,0.8157,0.7966,0.0166
resnet,pytorch,GPU,86,0.7801,0.7911,0.7607,0.8157,0.7966,0.0166
resnet,pytorch,GPU,87,0.7644,0.7911,0.7607,0.8157,0.7966,0.0166
resnet,pytorch,GPU,88,0.7711,0.7911,0.7607,0.8157,0.7966,0.0166
resnet,pytorch,GPU,89,0.7667,0.7911,0.7607,0.8157,0.7966,0.0166
resnet,pytorch,GPU,90,0.7978,0.7911,0.7607,0.8157,0.7966,0.0166
resnet,pytorch,GPU,91,0.8055,0.7911,0.7607,0.8157,0.7966,0.0166
resnet,pytorch,GPU,92,0.7792,0.7911,0.7607,0.8157,0.7966,0.0166
resnet,pytorch,GPU,93,0.7803,0.7911,0.7607,0.8157,0.7966,0.0166
resnet,pytorch,GPU,94,0.7632,0.7911,0.7607,0.8157,0.7966,0.0166
resnet,pytorch,GPU,95,0.8045,0.7911,0.7607,0.8157,0.7966,0.0166
resnet,pytorch,GPU,96,0.7654,0.7911,0.7607,0.8157,0.7966,0.0166
resnet,pytorch,GPU,97,0.7636,0.7911,0.7607,0.8157,0.7966,0.0166
resnet,pytorch,GPU,98,0.7859,0.7911,0.7607,0.8157,0.7966,0.0166
resnet,pytorch,GPU,99,0.8026,0.7911,0.7607,0.8157,0.7966,0.0166
resnet,pytorch,GPU,100,0.8031,0.7911,0.7607,0.8157,0.7966,0.0166
resnet,torchscript,CPU,1,6.4959,6.5081,6.4219,6.6499,6.5087,0.0453
resnet,torchscript,CPU,2,6.5035,6.5081,6.4219,6.6499,6.5087,0.0453
resnet,torchscript,CPU,3,6.5039,6.5081,6.4219,6.6499,6.5087,0.0453
resnet,torchscript,CPU,4,6.5200,6.5081,6.4219,6.6499,6.5087,0.0453
resnet,torchscript,CPU,5,6.6499,6.5081,6.4219,6.6499,6.5087,0.0453
resnet,torchscript,CPU,6,6.4245,6.5081,6.4219,6.6499,6.5087,0.0453
resnet,torchscript,CPU,7,6.4693,6.5081,6.4219,6.6499,6.5087,0.0453
resnet,torchscript,CPU,8,6.4445,6.5081,6.4219,6.6499,6.5087,0.0453
resnet,torchscript,CPU,9,6.4373,6.5081,6.4219,6.6499,6.5087,0.0453
resnet,torchscript,CPU,10,6.4430,6.5081,6.4219,6.6499,6.5087,0.0453
resnet,torchscript,CPU,11,6.4745,6.5081,6.4219,6.6499,6.5087,0.0453
resnet,torchscript,CPU,12,6.4739,6.5081,6.4219,6.6499,6.5087,0.0453
resnet,torchscript,CPU,13,6.4219,6.5081,6.4219,6.6499,6.5087,0.0453
resnet,torchscript,CPU,14,6.4710,6.5081,6.4219,6.6499,6.5087,0.0453
resnet,torchscript,CPU,15,6.4958,6.5081,6.4219,6.6499,6.5087,0.0453
resnet,torchscript,CPU,16,6.4904,6.5081,6.4219,6.6499,6.5087,0.0453
resnet,torchscript,CPU,17,6.4755,6.5081,6.4219,6.6499,6.5087,0.0453
resnet,torchscript,CPU,18,6.4474,6.5081,6.4219,6.6499,6.5087,0.0453
resnet,torchscript,CPU,19,6.4912,6.5081,6.4219,6.6499,6.5087,0.0453
resnet,torchscript,CPU,20,6.5109,6.5081,6.4219,6.6499,6.5087,0.0453
resnet,torchscript,CPU,21,6.4859,6.5081,6.4219,6.6499,6.5087,0.0453
resnet,torchscript,CPU,22,6.4528,6.5081,6.4219,6.6499,6.5087,0.0453
resnet,torchscript,CPU,23,6.4819,6.5081,6.4219,6.6499,6.5087,0.0453
resnet,torchscript,CPU,24,6.4343,6.5081,6.4219,6.6499,6.5087,0.0453
resnet,torchscript,CPU,25,6.4657,6.5081,6.4219,6.6499,6.5087,0.0453
resnet,torchscript,CPU,26,6.4674,6.5081,6.4219,6.6499,6.5087,0.0453
resnet,torchscript,CPU,27,6.4420,6.5081,6.4219,6.6499,6.5087,0.0453
resnet,torchscript,CPU,28,6.4533,6.5081,6.4219,6.6499,6.5087,0.0453
resnet,torchscript,CPU,29,6.4275,6.5081,6.4219,6.6499,6.5087,0.0453
resnet,torchscript,CPU,30,6.4768,6.5081,6.4219,6.6499,6.5087,0.0453
resnet,torchscript,CPU,31,6.4774,6.5081,6.4219,6.6499,6.5087,0.0453
resnet,torchscript,CPU,32,6.4636,6.5081,6.4219,6.6499,6.5087,0.0453
resnet,torchscript,CPU,33,6.4621,6.5081,6.4219,6.6499,6.5087,0.0453
resnet,torchscript,CPU,34,6.5359,6.5081,6.4219,6.6499,6.5087,0.0453
resnet,torchscript,CPU,35,6.5221,6.5081,6.4219,6.6499,6.5087,0.0453
resnet,torchscript,CPU,36,6.5620,6.5081,6.4219,6.6499,6.5087,0.0453
resnet,torchscript,CPU,37,6.5429,6.5081,6.4219,6.6499,6.5087,0.0453
resnet,torchscript,CPU,38,6.5364,6.5081,6.4219,6.6499,6.5087,0.0453
resnet,torchscript,CPU,39,6.5157,6.5081,6.4219,6.6499,6.5087,0.0453
resnet,torchscript,CPU,40,6.5292,6.5081,6.4219,6.6499,6.5087,0.0453
resnet,torchscript,CPU,41,6.5888,6.5081,6.4219,6.6499,6.5087,0.0453
resnet,torchscript,CPU,42,6.4979,6.5081,6.4219,6.6499,6.5087,0.0453
resnet,torchscript,CPU,43,6.5068,6.5081,6.4219,6.6499,6.5087,0.0453
resnet,torchscript,CPU,44,6.5446,6.5081,6.4219,6.6499,6.5087,0.0453
resnet,torchscript,CPU,45,6.5013,6.5081,6.4219,6.6499,6.5087,0.0453
resnet,torchscript,CPU,46,6.5465,6.5081,6.4219,6.6499,6.5087,0.0453
resnet,torchscript,CPU,47,6.5570,6.5081,6.4219,6.6499,6.5087,0.0453
resnet,torchscript,CPU,48,6.5409,6.5081,6.4219,6.6499,6.5087,0.0453
resnet,torchscript,CPU,49,6.5505,6.5081,6.4219,6.6499,6.5087,0.0453
resnet,torchscript,CPU,50,6.5166,6.5081,6.4219,6.6499,6.5087,0.0453
resnet,torchscript,CPU,51,6.6326,6.5081,6.4219,6.6499,6.5087,0.0453
resnet,torchscript,CPU,52,6.5416,6.5081,6.4219,6.6499,6.5087,0.0453
resnet,torchscript,CPU,53,6.4785,6.5081,6.4219,6.6499,6.5087,0.0453
resnet,torchscript,CPU,54,6.4462,6.5081,6.4219,6.6499,6.5087,0.0453
resnet,torchscript,CPU,55,6.5350,6.5081,6.4219,6.6499,6.5087,0.0453
resnet,torchscript,CPU,56,6.4448,6.5081,6.4219,6.6499,6.5087,0.0453
resnet,torchscript,CPU,57,6.5414,6.5081,6.4219,6.6499,6.5087,0.0453
resnet,torchscript,CPU,58,6.4489,6.5081,6.4219,6.6499,6.5087,0.0453
resnet,torchscript,CPU,59,6.4960,6.5081,6.4219,6.6499,6.5087,0.0453
resnet,torchscript,CPU,60,6.5469,6.5081,6.4219,6.6499,6.5087,0.0453
resnet,torchscript,CPU,61,6.4960,6.5081,6.4219,6.6499,6.5087,0.0453
resnet,torchscript,CPU,62,6.4812,6.5081,6.4219,6.6499,6.5087,0.0453
resnet,torchscript,CPU,63,6.4675,6.5081,6.4219,6.6499,6.5087,0.0453
resnet,torchscript,CPU,64,6.4936,6.5081,6.4219,6.6499,6.5087,0.0453
resnet,torchscript,CPU,65,6.5049,6.5081,6.4219,6.6499,6.5087,0.0453
resnet,torchscript,CPU,66,6.4531,6.5081,6.4219,6.6499,6.5087,0.0453
resnet,torchscript,CPU,67,6.5227,6.5081,6.4219,6.6499,6.5087,0.0453
resnet,torchscript,CPU,68,6.4640,6.5081,6.4219,6.6499,6.5087,0.0453
resnet,torchscript,CPU,69,6.4724,6.5081,6.4219,6.6499,6.5087,0.0453
resnet,torchscript,CPU,70,6.5374,6.5081,6.4219,6.6499,6.5087,0.0453
resnet,torchscript,CPU,71,6.5284,6.5081,6.4219,6.6499,6.5087,0.0453
resnet,torchscript,CPU,72,6.5747,6.5081,6.4219,6.6499,6.5087,0.0453
resnet,torchscript,CPU,73,6.5320,6.5081,6.4219,6.6499,6.5087,0.0453
resnet,torchscript,CPU,74,6.5878,6.5081,6.4219,6.6499,6.5087,0.0453
resnet,torchscript,CPU,75,6.5368,6.5081,6.4219,6.6499,6.5087,0.0453
resnet,torchscript,CPU,76,6.5164,6.5081,6.4219,6.6499,6.5087,0.0453
resnet,torchscript,CPU,77,6.5702,6.5081,6.4219,6.6499,6.5087,0.0453
resnet,torchscript,CPU,78,6.5320,6.5081,6.4219,6.6499,6.5087,0.0453
resnet,torchscript,CPU,79,6.5266,6.5081,6.4219,6.6499,6.5087,0.0453
resnet,torchscript,CPU,80,6.5863,6.5081,6.4219,6.6499,6.5087,0.0453
resnet,torchscript,CPU,81,6.5537,6.5081,6.4219,6.6499,6.5087,0.0453
resnet,torchscript,CPU,82,6.5054,6.5081,6.4219,6.6499,6.5087,0.0453
resnet,torchscript,CPU,83,6.5188,6.5081,6.4219,6.6499,6.5087,0.0453
resnet,torchscript,CPU,84,6.5131,6.5081,6.4219,6.6499,6.5087,0.0453
resnet,torchscript,CPU,85,6.5476,6.5081,6.4219,6.6499,6.5087,0.0453
resnet,torchscript,CPU,86,6.5346,6.5081,6.4219,6.6499,6.5087,0.0453
resnet,torchscript,CPU,87,6.6012,6.5081,6.4219,6.6499,6.5087,0.0453
resnet,torchscript,CPU,88,6.4897,6.5081,6.4219,6.6499,6.5087,0.0453
resnet,torchscript,CPU,89,6.5692,6.5081,6.4219,6.6499,6.5087,0.0453
resnet,torchscript,CPU,90,6.5552,6.5081,6.4219,6.6499,6.5087,0.0453
resnet,torchscript,CPU,91,6.5156,6.5081,6.4219,6.6499,6.5087,0.0453
resnet,torchscript,CPU,92,6.5506,6.5081,6.4219,6.6499,6.5087,0.0453
resnet,torchscript,CPU,93,6.5157,6.5081,6.4219,6.6499,6.5087,0.0453
resnet,torchscript,CPU,94,6.5261,6.5081,6.4219,6.6499,6.5087,0.0453
resnet,torchscript,CPU,95,6.4936,6.5081,6.4219,6.6499,6.5087,0.0453
resnet,torchscript,CPU,96,6.5423,6.5081,6.4219,6.6499,6.5087,0.0453
resnet,torchscript,CPU,97,6.5298,6.5081,6.4219,6.6499,6.5087,0.0453
resnet,torchscript,CPU,98,6.4938,6.5081,6.4219,6.6499,6.5087,0.0453
resnet,torchscript,CPU,99,6.5106,6.5081,6.4219,6.6499,6.5087,0.0453
resnet,torchscript,CPU,100,6.5146,6.5081,6.4219,6.6499,6.5087,0.0453
resnet,torchscript,GPU,1,0.8093,0.7774,0.7358,0.8093,0.7816,0.0141
resnet,torchscript,GPU,2,0.7753,0.7774,0.7358,0.8093,0.7816,0.0141
resnet,torchscript,GPU,3,0.7657,0.7774,0.7358,0.8093,0.7816,0.0141
resnet,torchscript,GPU,4,0.7898,0.7774,0.7358,0.8093,0.7816,0.0141
resnet,torchscript,GPU,5,0.7905,0.7774,0.7358,0.8093,0.7816,0.0141
resnet,torchscript,GPU,6,0.7882,0.7774,0.7358,0.8093,0.7816,0.0141
resnet,torchscript,GPU,7,0.7856,0.7774,0.7358,0.8093,0.7816,0.0141
resnet,torchscript,GPU,8,0.7783,0.7774,0.7358,0.8093,0.7816,0.0141
resnet,torchscript,GPU,9,0.7824,0.7774,0.7358,0.8093,0.7816,0.0141
resnet,torchscript,GPU,10,0.7654,0.7774,0.7358,0.8093,0.7816,0.0141
resnet,torchscript,GPU,11,0.7890,0.7774,0.7358,0.8093,0.7816,0.0141
resnet,torchscript,GPU,12,0.7710,0.7774,0.7358,0.8093,0.7816,0.0141
resnet,torchscript,GPU,13,0.7866,0.7774,0.7358,0.8093,0.7816,0.0141
resnet,torchscript,GPU,14,0.7867,0.7774,0.7358,0.8093,0.7816,0.0141
resnet,torchscript,GPU,15,0.7868,0.7774,0.7358,0.8093,0.7816,0.0141
resnet,torchscript,GPU,16,0.7807,0.7774,0.7358,0.8093,0.7816,0.0141
resnet,torchscript,GPU,17,0.7850,0.7774,0.7358,0.8093,0.7816,0.0141
resnet,torchscript,GPU,18,0.7823,0.7774,0.7358,0.8093,0.7816,0.0141
resnet,torchscript,GPU,19,0.7844,0.7774,0.7358,0.8093,0.7816,0.0141
resnet,torchscript,GPU,20,0.7843,0.7774,0.7358,0.8093,0.7816,0.0141
resnet,torchscript,GPU,21,0.7910,0.7774,0.7358,0.8093,0.7816,0.0141
resnet,torchscript,GPU,22,0.7792,0.7774,0.7358,0.8093,0.7816,0.0141
resnet,torchscript,GPU,23,0.7837,0.7774,0.7358,0.8093,0.7816,0.0141
resnet,torchscript,GPU,24,0.7847,0.7774,0.7358,0.8093,0.7816,0.0141
resnet,torchscript,GPU,25,0.7831,0.7774,0.7358,0.8093,0.7816,0.0141
resnet,torchscript,GPU,26,0.7928,0.7774,0.7358,0.8093,0.7816,0.0141
resnet,torchscript,GPU,27,0.7842,0.7774,0.7358,0.8093,0.7816,0.0141
resnet,torchscript,GPU,28,0.7814,0.7774,0.7358,0.8093,0.7816,0.0141
resnet,torchscript,GPU,29,0.7860,0.7774,0.7358,0.8093,0.7816,0.0141
resnet,torchscript,GPU,30,0.7850,0.7774,0.7358,0.8093,0.7816,0.0141
resnet,torchscript,GPU,31,0.7721,0.7774,0.7358,0.8093,0.7816,0.0141
resnet,torchscript,GPU,32,0.7802,0.7774,0.7358,0.8093,0.7816,0.0141
resnet,torchscript,GPU,33,0.7906,0.7774,0.7358,0.8093,0.7816,0.0141
resnet,torchscript,GPU,34,0.7829,0.7774,0.7358,0.8093,0.7816,0.0141
resnet,torchscript,GPU,35,0.7716,0.7774,0.7358,0.8093,0.7816,0.0141
resnet,torchscript,GPU,36,0.7804,0.7774,0.7358,0.8093,0.7816,0.0141
resnet,torchscript,GPU,37,0.7861,0.7774,0.7358,0.8093,0.7816,0.0141
resnet,torchscript,GPU,38,0.7905,0.7774,0.7358,0.8093,0.7816,0.0141
resnet,torchscript,GPU,39,0.7896,0.7774,0.7358,0.8093,0.7816,0.0141
resnet,torchscript,GPU,40,0.7754,0.7774,0.7358,0.8093,0.7816,0.0141
resnet,torchscript,GPU,41,0.7809,0.7774,0.7358,0.8093,0.7816,0.0141
resnet,torchscript,GPU,42,0.7736,0.7774,0.7358,0.8093,0.7816,0.0141
resnet,torchscript,GPU,43,0.7818,0.7774,0.7358,0.8093,0.7816,0.0141
resnet,torchscript,GPU,44,0.7829,0.7774,0.7358,0.8093,0.7816,0.0141
resnet,torchscript,GPU,45,0.7849,0.7774,0.7358,0.8093,0.7816,0.0141
resnet,torchscript,GPU,46,0.7809,0.7774,0.7358,0.8093,0.7816,0.0141
resnet,torchscript,GPU,47,0.7785,0.7774,0.7358,0.8093,0.7816,0.0141
resnet,torchscript,GPU,48,0.7817,0.7774,0.7358,0.8093,0.7816,0.0141
resnet,torchscript,GPU,49,0.7358,0.7774,0.7358,0.8093,0.7816,0.0141
resnet,torchscript,GPU,50,0.7769,0.7774,0.7358,0.8093,0.7816,0.0141
resnet,torchscript,GPU,51,0.7863,0.7774,0.7358,0.8093,0.7816,0.0141
resnet,torchscript,GPU,52,0.7402,0.7774,0.7358,0.8093,0.7816,0.0141
resnet,torchscript,GPU,53,0.7674,0.7774,0.7358,0.8093,0.7816,0.0141
resnet,torchscript,GPU,54,0.7621,0.7774,0.7358,0.8093,0.7816,0.0141
resnet,torchscript,GPU,55,0.7759,0.7774,0.7358,0.8093,0.7816,0.0141
resnet,torchscript,GPU,56,0.7434,0.7774,0.7358,0.8093,0.7816,0.0141
resnet,torchscript,GPU,57,0.7801,0.7774,0.7358,0.8093,0.7816,0.0141
resnet,torchscript,GPU,58,0.7857,0.7774,0.7358,0.8093,0.7816,0.0141
resnet,torchscript,GPU,59,0.7783,0.7774,0.7358,0.8093,0.7816,0.0141
resnet,torchscript,GPU,60,0.7883,0.7774,0.7358,0.8093,0.7816,0.0141
resnet,torchscript,GPU,61,0.7746,0.7774,0.7358,0.8093,0.7816,0.0141
resnet,torchscript,GPU,62,0.7526,0.7774,0.7358,0.8093,0.7816,0.0141
resnet,torchscript,GPU,63,0.7428,0.7774,0.7358,0.8093,0.7816,0.0141
resnet,torchscript,GPU,64,0.7415,0.7774,0.7358,0.8093,0.7816,0.0141
resnet,torchscript,GPU,65,0.7445,0.7774,0.7358,0.8093,0.7816,0.0141
resnet,torchscript,GPU,66,0.7795,0.7774,0.7358,0.8093,0.7816,0.0141
resnet,torchscript,GPU,67,0.7854,0.7774,0.7358,0.8093,0.7816,0.0141
resnet,torchscript,GPU,68,0.7856,0.7774,0.7358,0.8093,0.7816,0.0141
resnet,torchscript,GPU,69,0.7793,0.7774,0.7358,0.8093,0.7816,0.0141
resnet,torchscript,GPU,70,0.7828,0.7774,0.7358,0.8093,0.7816,0.0141
resnet,torchscript,GPU,71,0.7858,0.7774,0.7358,0.8093,0.7816,0.0141
resnet,torchscript,GPU,72,0.7812,0.7774,0.7358,0.8093,0.7816,0.0141
resnet,torchscript,GPU,73,0.7905,0.7774,0.7358,0.8093,0.7816,0.0141
resnet,torchscript,GPU,74,0.7446,0.7774,0.7358,0.8093,0.7816,0.0141
resnet,torchscript,GPU,75,0.7854,0.7774,0.7358,0.8093,0.7816,0.0141
resnet,torchscript,GPU,76,0.7864,0.7774,0.7358,0.8093,0.7816,0.0141
resnet,torchscript,GPU,77,0.7866,0.7774,0.7358,0.8093,0.7816,0.0141
resnet,torchscript,GPU,78,0.7889,0.7774,0.7358,0.8093,0.7816,0.0141
resnet,torchscript,GPU,79,0.7707,0.7774,0.7358,0.8093,0.7816,0.0141
resnet,torchscript,GPU,80,0.7932,0.7774,0.7358,0.8093,0.7816,0.0141
resnet,torchscript,GPU,81,0.7794,0.7774,0.7358,0.8093,0.7816,0.0141
resnet,torchscript,GPU,82,0.7755,0.7774,0.7358,0.8093,0.7816,0.0141
resnet,torchscript,GPU,83,0.7820,0.7774,0.7358,0.8093,0.7816,0.0141
resnet,torchscript,GPU,84,0.7916,0.7774,0.7358,0.8093,0.7816,0.0141
resnet,torchscript,GPU,85,0.7890,0.7774,0.7358,0.8093,0.7816,0.0141
resnet,torchscript,GPU,86,0.7475,0.7774,0.7358,0.8093,0.7816,0.0141
resnet,torchscript,GPU,87,0.7795,0.7774,0.7358,0.8093,0.7816,0.0141
resnet,torchscript,GPU,88,0.7796,0.7774,0.7358,0.8093,0.7816,0.0141
resnet,torchscript,GPU,89,0.7890,0.7774,0.7358,0.8093,0.7816,0.0141
resnet,torchscript,GPU,90,0.7726,0.7774,0.7358,0.8093,0.7816,0.0141
resnet,torchscript,GPU,91,0.7850,0.7774,0.7358,0.8093,0.7816,0.0141
resnet,torchscript,GPU,92,0.7723,0.7774,0.7358,0.8093,0.7816,0.0141
resnet,torchscript,GPU,93,0.7751,0.7774,0.7358,0.8093,0.7816,0.0141
resnet,torchscript,GPU,94,0.7620,0.7774,0.7358,0.8093,0.7816,0.0141
resnet,torchscript,GPU,95,0.7522,0.7774,0.7358,0.8093,0.7816,0.0141
resnet,torchscript,GPU,96,0.7942,0.7774,0.7358,0.8093,0.7816,0.0141
resnet,torchscript,GPU,97,0.7646,0.7774,0.7358,0.8093,0.7816,0.0141
resnet,torchscript,GPU,98,0.7596,0.7774,0.7358,0.8093,0.7816,0.0141
resnet,torchscript,GPU,99,0.7537,0.7774,0.7358,0.8093,0.7816,0.0141
resnet,torchscript,GPU,100,0.7503,0.7774,0.7358,0.8093,0.7816,0.0141
swin,onnx,CPU,1,4.2759,4.2535,4.1938,4.3195,4.2521,0.0249
swin,onnx,CPU,2,4.2477,4.2535,4.1938,4.3195,4.2521,0.0249
swin,onnx,CPU,3,4.2528,4.2535,4.1938,4.3195,4.2521,0.0249
swin,onnx,CPU,4,4.2449,4.2535,4.1938,4.3195,4.2521,0.0249
swin,onnx,CPU,5,4.2628,4.2535,4.1938,4.3195,4.2521,0.0249
swin,onnx,CPU,6,4.2787,4.2535,4.1938,4.3195,4.2521,0.0249
swin,onnx,CPU,7,4.2193,4.2535,4.1938,4.3195,4.2521,0.0249
swin,onnx,CPU,8,4.1989,4.2535,4.1938,4.3195,4.2521,0.0249
swin,onnx,CPU,9,4.2081,4.2535,4.1938,4.3195,4.2521,0.0249
swin,onnx,CPU,10,4.2501,4.2535,4.1938,4.3195,4.2521,0.0249
swin,onnx,CPU,11,4.2327,4.2535,4.1938,4.3195,4.2521,0.0249
swin,onnx,CPU,12,4.2414,4.2535,4.1938,4.3195,4.2521,0.0249
swin,onnx,CPU,13,4.2315,4.2535,4.1938,4.3195,4.2521,0.0249
swin,onnx,CPU,14,4.2725,4.2535,4.1938,4.3195,4.2521,0.0249
swin,onnx,CPU,15,4.2334,4.2535,4.1938,4.3195,4.2521,0.0249
swin,onnx,CPU,16,4.2754,4.2535,4.1938,4.3195,4.2521,0.0249
swin,onnx,CPU,17,4.2703,4.2535,4.1938,4.3195,4.2521,0.0249
swin,onnx,CPU,18,4.2821,4.2535,4.1938,4.3195,4.2521,0.0249
swin,onnx,CPU,19,4.2450,4.2535,4.1938,4.3195,4.2521,0.0249
swin,onnx,CPU,20,4.2738,4.2535,4.1938,4.3195,4.2521,0.0249
swin,onnx,CPU,21,4.2572,4.2535,4.1938,4.3195,4.2521,0.0249
swin,onnx,CPU,22,4.2708,4.2535,4.1938,4.3195,4.2521,0.0249
swin,onnx,CPU,23,4.2682,4.2535,4.1938,4.3195,4.2521,0.0249
swin,onnx,CPU,24,4.2654,4.2535,4.1938,4.3195,4.2521,0.0249
swin,onnx,CPU,25,4.2868,4.2535,4.1938,4.3195,4.2521,0.0249
swin,onnx,CPU,26,4.2559,4.2535,4.1938,4.3195,4.2521,0.0249
swin,onnx,CPU,27,4.2196,4.2535,4.1938,4.3195,4.2521,0.0249
swin,onnx,CPU,28,4.2404,4.2535,4.1938,4.3195,4.2521,0.0249
swin,onnx,CPU,29,4.2805,4.2535,4.1938,4.3195,4.2521,0.0249
swin,onnx,CPU,30,4.2544,4.2535,4.1938,4.3195,4.2521,0.0249
swin,onnx,CPU,31,4.2373,4.2535,4.1938,4.3195,4.2521,0.0249
swin,onnx,CPU,32,4.2408,4.2535,4.1938,4.3195,4.2521,0.0249
swin,onnx,CPU,33,4.2665,4.2535,4.1938,4.3195,4.2521,0.0249
swin,onnx,CPU,34,4.2776,4.2535,4.1938,4.3195,4.2521,0.0249
swin,onnx,CPU,35,4.2786,4.2535,4.1938,4.3195,4.2521,0.0249
swin,onnx,CPU,36,4.2659,4.2535,4.1938,4.3195,4.2521,0.0249
swin,onnx,CPU,37,4.2470,4.2535,4.1938,4.3195,4.2521,0.0249
swin,onnx,CPU,38,4.2556,4.2535,4.1938,4.3195,4.2521,0.0249
swin,onnx,CPU,39,4.2583,4.2535,4.1938,4.3195,4.2521,0.0249
swin,onnx,CPU,40,4.2450,4.2535,4.1938,4.3195,4.2521,0.0249
swin,onnx,CPU,41,4.2518,4.2535,4.1938,4.3195,4.2521,0.0249
swin,onnx,CPU,42,4.2543,4.2535,4.1938,4.3195,4.2521,0.0249
swin,onnx,CPU,43,4.3152,4.2535,4.1938,4.3195,4.2521,0.0249
swin,onnx,CPU,44,4.2414,4.2535,4.1938,4.3195,4.2521,0.0249
swin,onnx,CPU,45,4.2765,4.2535,4.1938,4.3195,4.2521,0.0249
swin,onnx,CPU,46,4.2112,4.2535,4.1938,4.3195,4.2521,0.0249
swin,onnx,CPU,47,4.2510,4.2535,4.1938,4.3195,4.2521,0.0249
swin,onnx,CPU,48,4.2501,4.2535,4.1938,4.3195,4.2521,0.0249
swin,onnx,CPU,49,4.2757,4.2535,4.1938,4.3195,4.2521,0.0249
swin,onnx,CPU,50,4.2758,4.2535,4.1938,4.3195,4.2521,0.0249
swin,onnx,CPU,51,4.2508,4.2535,4.1938,4.3195,4.2521,0.0249
swin,onnx,CPU,52,4.2496,4.2535,4.1938,4.3195,4.2521,0.0249
swin,onnx,CPU,53,4.2759,4.2535,4.1938,4.3195,4.2521,0.0249
swin,onnx,CPU,54,4.2707,4.2535,4.1938,4.3195,4.2521,0.0249
swin,onnx,CPU,55,4.2145,4.2535,4.1938,4.3195,4.2521,0.0249
swin,onnx,CPU,56,4.2575,4.2535,4.1938,4.3195,4.2521,0.0249
swin,onnx,CPU,57,4.2515,4.2535,4.1938,4.3195,4.2521,0.0249
swin,onnx,CPU,58,4.2545,4.2535,4.1938,4.3195,4.2521,0.0249
swin,onnx,CPU,59,4.2239,4.2535,4.1938,4.3195,4.2521,0.0249
swin,onnx,CPU,60,4.2555,4.2535,4.1938,4.3195,4.2521,0.0249
swin,onnx,CPU,61,4.2394,4.2535,4.1938,4.3195,4.2521,0.0249
swin,onnx,CPU,62,4.2209,4.2535,4.1938,4.3195,4.2521,0.0249
swin,onnx,CPU,63,4.2789,4.2535,4.1938,4.3195,4.2521,0.0249
swin,onnx,CPU,64,4.2492,4.2535,4.1938,4.3195,4.2521,0.0249
swin,onnx,CPU,65,4.2453,4.2535,4.1938,4.3195,4.2521,0.0249
swin,onnx,CPU,66,4.2587,4.2535,4.1938,4.3195,4.2521,0.0249
swin,onnx,CPU,67,4.2757,4.2535,4.1938,4.3195,4.2521,0.0249
swin,onnx,CPU,68,4.2525,4.2535,4.1938,4.3195,4.2521,0.0249
swin,onnx,CPU,69,4.2628,4.2535,4.1938,4.3195,4.2521,0.0249
swin,onnx,CPU,70,4.2757,4.2535,4.1938,4.3195,4.2521,0.0249
swin,onnx,CPU,71,4.3161,4.2535,4.1938,4.3195,4.2521,0.0249
swin,onnx,CPU,72,4.3034,4.2535,4.1938,4.3195,4.2521,0.0249
swin,onnx,CPU,73,4.2231,4.2535,4.1938,4.3195,4.2521,0.0249
swin,onnx,CPU,74,4.2328,4.2535,4.1938,4.3195,4.2521,0.0249
swin,onnx,CPU,75,4.2179,4.2535,4.1938,4.3195,4.2521,0.0249
swin,onnx,CPU,76,4.2898,4.2535,4.1938,4.3195,4.2521,0.0249
swin,onnx,CPU,77,4.2181,4.2535,4.1938,4.3195,4.2521,0.0249
swin,onnx,CPU,78,4.2479,4.2535,4.1938,4.3195,4.2521,0.0249
swin,onnx,CPU,79,4.2563,4.2535,4.1938,4.3195,4.2521,0.0249
swin,onnx,CPU,80,4.2797,4.2535,4.1938,4.3195,4.2521,0.0249
swin,onnx,CPU,81,4.2353,4.2535,4.1938,4.3195,4.2521,0.0249
swin,onnx,CPU,82,4.2413,4.2535,4.1938,4.3195,4.2521,0.0249
swin,onnx,CPU,83,4.2233,4.2535,4.1938,4.3195,4.2521,0.0249
swin,onnx,CPU,84,4.2328,4.2535,4.1938,4.3195,4.2521,0.0249
swin,onnx,CPU,85,4.2509,4.2535,4.1938,4.3195,4.2521,0.0249
swin,onnx,CPU,86,4.1938,4.2535,4.1938,4.3195,4.2521,0.0249
swin,onnx,CPU,87,4.2282,4.2535,4.1938,4.3195,4.2521,0.0249
swin,onnx,CPU,88,4.2551,4.2535,4.1938,4.3195,4.2521,0.0249
swin,onnx,CPU,89,4.2433,4.2535,4.1938,4.3195,4.2521,0.0249
swin,onnx,CPU,90,4.2067,4.2535,4.1938,4.3195,4.2521,0.0249
swin,onnx,CPU,91,4.2434,4.2535,4.1938,4.3195,4.2521,0.0249
swin,onnx,CPU,92,4.2164,4.2535,4.1938,4.3195,4.2521,0.0249
swin,onnx,CPU,93,4.2356,4.2535,4.1938,4.3195,4.2521,0.0249
swin,onnx,CPU,94,4.2681,4.2535,4.1938,4.3195,4.2521,0.0249
swin,onnx,CPU,95,4.2415,4.2535,4.1938,4.3195,4.2521,0.0249
swin,onnx,CPU,96,4.2980,4.2535,4.1938,4.3195,4.2521,0.0249
swin,onnx,CPU,97,4.2737,4.2535,4.1938,4.3195,4.2521,0.0249
swin,onnx,CPU,98,4.3195,4.2535,4.1938,4.3195,4.2521,0.0249
swin,onnx,CPU,99,4.2820,4.2535,4.1938,4.3195,4.2521,0.0249
swin,onnx,CPU,100,4.2456,4.2535,4.1938,4.3195,4.2521,0.0249
swin,onnx,GPU,1,0.8032,0.8080,0.7846,0.8346,0.8098,0.0092
swin,onnx,GPU,2,0.7989,0.8080,0.7846,0.8346,0.8098,0.0092
swin,onnx,GPU,3,0.8295,0.8080,0.7846,0.8346,0.8098,0.0092
swin,onnx,GPU,4,0.8136,0.8080,0.7846,0.8346,0.8098,0.0092
swin,onnx,GPU,5,0.8051,0.8080,0.7846,0.8346,0.8098,0.0092
swin,onnx,GPU,6,0.8346,0.8080,0.7846,0.8346,0.8098,0.0092
swin,onnx,GPU,7,0.8055,0.8080,0.7846,0.8346,0.8098,0.0092
swin,onnx,GPU,8,0.8113,0.8080,0.7846,0.8346,0.8098,0.0092
swin,onnx,GPU,9,0.7913,0.8080,0.7846,0.8346,0.8098,0.0092
swin,onnx,GPU,10,0.8084,0.8080,0.7846,0.8346,0.8098,0.0092
swin,onnx,GPU,11,0.8129,0.8080,0.7846,0.8346,0.8098,0.0092
swin,onnx,GPU,12,0.8129,0.8080,0.7846,0.8346,0.8098,0.0092
swin,onnx,GPU,13,0.8108,0.8080,0.7846,0.8346,0.8098,0.0092
swin,onnx,GPU,14,0.8138,0.8080,0.7846,0.8346,0.8098,0.0092
swin,onnx,GPU,15,0.8084,0.8080,0.7846,0.8346,0.8098,0.0092
swin,onnx,GPU,16,0.8129,0.8080,0.7846,0.8346,0.8098,0.0092
swin,onnx,GPU,17,0.8113,0.8080,0.7846,0.8346,0.8098,0.0092
swin,onnx,GPU,18,0.7905,0.8080,0.7846,0.8346,0.8098,0.0092
swin,onnx,GPU,19,0.8128,0.8080,0.7846,0.8346,0.8098,0.0092
swin,onnx,GPU,20,0.8017,0.8080,0.7846,0.8346,0.8098,0.0092
swin,onnx,GPU,21,0.8135,0.8080,0.7846,0.8346,0.8098,0.0092
swin,onnx,GPU,22,0.8085,0.8080,0.7846,0.8346,0.8098,0.0092
swin,onnx,GPU,23,0.7965,0.8080,0.7846,0.8346,0.8098,0.0092
swin,onnx,GPU,24,0.8148,0.8080,0.7846,0.8346,0.8098,0.0092
swin,onnx,GPU,25,0.8066,0.8080,0.7846,0.8346,0.8098,0.0092
swin,onnx,GPU,26,0.8110,0.8080,0.7846,0.8346,0.8098,0.0092
swin,onnx,GPU,27,0.8070,0.8080,0.7846,0.8346,0.8098,0.0092
swin,onnx,GPU,28,0.8185,0.8080,0.7846,0.8346,0.8098,0.0092
swin,onnx,GPU,29,0.8177,0.8080,0.7846,0.8346,0.8098,0.0092
swin,onnx,GPU,30,0.7846,0.8080,0.7846,0.8346,0.8098,0.0092
swin,onnx,GPU,31,0.8099,0.8080,0.7846,0.8346,0.8098,0.0092
swin,onnx,GPU,32,0.7894,0.8080,0.7846,0.8346,0.8098,0.0092
swin,onnx,GPU,33,0.8045,0.8080,0.7846,0.8346,0.8098,0.0092
swin,onnx,GPU,34,0.8189,0.8080,0.7846,0.8346,0.8098,0.0092
swin,onnx,GPU,35,0.8066,0.8080,0.7846,0.8346,0.8098,0.0092
swin,onnx,GPU,36,0.7930,0.8080,0.7846,0.8346,0.8098,0.0092
swin,onnx,GPU,37,0.8177,0.8080,0.7846,0.8346,0.8098,0.0092
swin,onnx,GPU,38,0.8155,0.8080,0.7846,0.8346,0.8098,0.0092
swin,onnx,GPU,39,0.7898,0.8080,0.7846,0.8346,0.8098,0.0092
swin,onnx,GPU,40,0.8084,0.8080,0.7846,0.8346,0.8098,0.0092
swin,onnx,GPU,41,0.7992,0.8080,0.7846,0.8346,0.8098,0.0092
swin,onnx,GPU,42,0.8196,0.8080,0.7846,0.8346,0.8098,0.0092
swin,onnx,GPU,43,0.8242,0.8080,0.7846,0.8346,0.8098,0.0092
swin,onnx,GPU,44,0.8044,0.8080,0.7846,0.8346,0.8098,0.0092
swin,onnx,GPU,45,0.8114,0.8080,0.7846,0.8346,0.8098,0.0092
swin,onnx,GPU,46,0.8128,0.8080,0.7846,0.8346,0.8098,0.0092
swin,onnx,GPU,47,0.8117,0.8080,0.7846,0.8346,0.8098,0.0092
swin,onnx,GPU,48,0.7948,0.8080,0.7846,0.8346,0.8098,0.0092
swin,onnx,GPU,49,0.8026,0.8080,0.7846,0.8346,0.8098,0.0092
swin,onnx,GPU,50,0.8239,0.8080,0.7846,0.8346,0.8098,0.0092
swin,onnx,GPU,51,0.7967,0.8080,0.7846,0.8346,0.8098,0.0092
swin,onnx,GPU,52,0.8070,0.8080,0.7846,0.8346,0.8098,0.0092
swin,onnx,GPU,53,0.8082,0.8080,0.7846,0.8346,0.8098,0.0092
swin,onnx,GPU,54,0.8071,0.8080,0.7846,0.8346,0.8098,0.0092
swin,onnx,GPU,55,0.8069,0.8080,0.7846,0.8346,0.8098,0.0092
swin,onnx,GPU,56,0.8098,0.8080,0.7846,0.8346,0.8098,0.0092
swin,onnx,GPU,57,0.8060,0.8080,0.7846,0.8346,0.8098,0.0092
swin,onnx,GPU,58,0.8054,0.8080,0.7846,0.8346,0.8098,0.0092
swin,onnx,GPU,59,0.8097,0.8080,0.7846,0.8346,0.8098,0.0092
swin,onnx,GPU,60,0.8116,0.8080,0.7846,0.8346,0.8098,0.0092
swin,onnx,GPU,61,0.8139,0.8080,0.7846,0.8346,0.8098,0.0092
swin,onnx,GPU,62,0.8085,0.8080,0.7846,0.8346,0.8098,0.0092
swin,onnx,GPU,63,0.8106,0.8080,0.7846,0.8346,0.8098,0.0092
swin,onnx,GPU,64,0.8156,0.8080,0.7846,0.8346,0.8098,0.0092
swin,onnx,GPU,65,0.8097,0.8080,0.7846,0.8346,0.8098,0.0092
swin,onnx,GPU,66,0.8149,0.8080,0.7846,0.8346,0.8098,0.0092
swin,onnx,GPU,67,0.8108,0.8080,0.7846,0.8346,0.8098,0.0092
swin,onnx,GPU,68,0.8018,0.8080,0.7846,0.8346,0.8098,0.0092
swin,onnx,GPU,69,0.8060,0.8080,0.7846,0.8346,0.8098,0.0092
swin,onnx,GPU,70,0.7979,0.8080,0.7846,0.8346,0.8098,0.0092
swin,onnx,GPU,71,0.8050,0.8080,0.7846,0.8346,0.8098,0.0092
swin,onnx,GPU,72,0.8047,0.8080,0.7846,0.8346,0.8098,0.0092
swin,onnx,GPU,73,0.7891,0.8080,0.7846,0.8346,0.8098,0.0092
swin,onnx,GPU,74,0.8077,0.8080,0.7846,0.8346,0.8098,0.0092
swin,onnx,GPU,75,0.8118,0.8080,0.7846,0.8346,0.8098,0.0092
swin,onnx,GPU,76,0.7979,0.8080,0.7846,0.8346,0.8098,0.0092
swin,onnx,GPU,77,0.7867,0.8080,0.7846,0.8346,0.8098,0.0092
swin,onnx,GPU,78,0.7958,0.8080,0.7846,0.8346,0.8098,0.0092
swin,onnx,GPU,79,0.8099,0.8080,0.7846,0.8346,0.8098,0.0092
swin,onnx,GPU,80,0.8229,0.8080,0.7846,0.8346,0.8098,0.0092
swin,onnx,GPU,81,0.8116,0.8080,0.7846,0.8346,0.8098,0.0092
swin,onnx,GPU,82,0.8116,0.8080,0.7846,0.8346,0.8098,0.0092
swin,onnx,GPU,83,0.8132,0.8080,0.7846,0.8346,0.8098,0.0092
swin,onnx,GPU,84,0.7997,0.8080,0.7846,0.8346,0.8098,0.0092
swin,onnx,GPU,85,0.7875,0.8080,0.7846,0.8346,0.8098,0.0092
swin,onnx,GPU,86,0.7981,0.8080,0.7846,0.8346,0.8098,0.0092
swin,onnx,GPU,87,0.8105,0.8080,0.7846,0.8346,0.8098,0.0092
swin,onnx,GPU,88,0.8195,0.8080,0.7846,0.8346,0.8098,0.0092
swin,onnx,GPU,89,0.8134,0.8080,0.7846,0.8346,0.8098,0.0092
swin,onnx,GPU,90,0.8054,0.8080,0.7846,0.8346,0.8098,0.0092
swin,onnx,GPU,91,0.8167,0.8080,0.7846,0.8346,0.8098,0.0092
swin,onnx,GPU,92,0.8111,0.8080,0.7846,0.8346,0.8098,0.0092
swin,onnx,GPU,93,0.8144,0.8080,0.7846,0.8346,0.8098,0.0092
swin,onnx,GPU,94,0.7950,0.8080,0.7846,0.8346,0.8098,0.0092
swin,onnx,GPU,95,0.8126,0.8080,0.7846,0.8346,0.8098,0.0092
swin,onnx,GPU,96,0.8051,0.8080,0.7846,0.8346,0.8098,0.0092
swin,onnx,GPU,97,0.8125,0.8080,0.7846,0.8346,0.8098,0.0092
swin,onnx,GPU,98,0.8129,0.8080,0.7846,0.8346,0.8098,0.0092
swin,onnx,GPU,99,0.8143,0.8080,0.7846,0.8346,0.8098,0.0092
swin,onnx,GPU,100,0.8176,0.8080,0.7846,0.8346,0.8098,0.0092
swin,pytorch,CPU,1,4.5503,4.5527,4.4630,4.6502,4.5558,0.0338
swin,pytorch,CPU,2,4.5419,4.5527,4.4630,4.6502,4.5558,0.0338
swin,pytorch,CPU,3,4.5509,4.5527,4.4630,4.6502,4.5558,0.0338
swin,pytorch,CPU,4,4.5056,4.5527,4.4630,4.6502,4.5558,0.0338
swin,pytorch,CPU,5,4.5466,4.5527,4.4630,4.6502,4.5558,0.0338
swin,pytorch,CPU,6,4.4866,4.5527,4.4630,4.6502,4.5558,0.0338
swin,pytorch,CPU,7,4.5307,4.5527,4.4630,4.6502,4.5558,0.0338
swin,pytorch,CPU,8,4.5453,4.5527,4.4630,4.6502,4.5558,0.0338
swin,pytorch,CPU,9,4.5255,4.5527,4.4630,4.6502,4.5558,0.0338
swin,pytorch,CPU,10,4.5163,4.5527,4.4630,4.6502,4.5558,0.0338
swin,pytorch,CPU,11,4.5755,4.5527,4.4630,4.6502,4.5558,0.0338
swin,pytorch,CPU,12,4.4815,4.5527,4.4630,4.6502,4.5558,0.0338
swin,pytorch,CPU,13,4.5375,4.5527,4.4630,4.6502,4.5558,0.0338
swin,pytorch,CPU,14,4.6502,4.5527,4.4630,4.6502,4.5558,0.0338
swin,pytorch,CPU,15,4.5308,4.5527,4.4630,4.6502,4.5558,0.0338
swin,pytorch,CPU,16,4.5473,4.5527,4.4630,4.6502,4.5558,0.0338
swin,pytorch,CPU,17,4.5618,4.5527,4.4630,4.6502,4.5558,0.0338
swin,pytorch,CPU,18,4.5481,4.5527,4.4630,4.6502,4.5558,0.0338
swin,pytorch,CPU,19,4.5445,4.5527,4.4630,4.6502,4.5558,0.0338
swin,pytorch,CPU,20,4.5224,4.5527,4.4630,4.6502,4.5558,0.0338
swin,pytorch,CPU,21,4.5563,4.5527,4.4630,4.6502,4.5558,0.0338
swin,pytorch,CPU,22,4.5447,4.5527,4.4630,4.6502,4.5558,0.0338
swin,pytorch,CPU,23,4.6017,4.5527,4.4630,4.6502,4.5558,0.0338
swin,pytorch,CPU,24,4.6139,4.5527,4.4630,4.6502,4.5558,0.0338
swin,pytorch,CPU,25,4.5394,4.5527,4.4630,4.6502,4.5558,0.0338
swin,pytorch,CPU,26,4.5766,4.5527,4.4630,4.6502,4.5558,0.0338
swin,pytorch,CPU,27,4.5764,4.5527,4.4630,4.6502,4.5558,0.0338
swin,pytorch,CPU,28,4.5567,4.5527,4.4630,4.6502,4.5558,0.0338
swin,pytorch,CPU,29,4.4952,4.5527,4.4630,4.6502,4.5558,0.0338
swin,pytorch,CPU,30,4.4930,4.5527,4.4630,4.6502,4.5558,0.0338
swin,pytorch,CPU,31,4.4630,4.5527,4.4630,4.6502,4.5558,0.0338
swin,pytorch,CPU,32,4.4892,4.5527,4.4630,4.6502,4.5558,0.0338
swin,pytorch,CPU,33,4.5503,4.5527,4.4630,4.6502,4.5558,0.0338
swin,pytorch,CPU,34,4.5759,4.5527,4.4630,4.6502,4.5558,0.0338
swin,pytorch,CPU,35,4.4989,4.5527,4.4630,4.6502,4.5558,0.0338
swin,pytorch,CPU,36,4.4882,4.5527,4.4630,4.6502,4.5558,0.0338
swin,pytorch,CPU,37,4.4746,4.5527,4.4630,4.6502,4.5558,0.0338
swin,pytorch,CPU,38,4.5103,4.5527,4.4630,4.6502,4.5558,0.0338
swin,pytorch,CPU,39,4.4757,4.5527,4.4630,4.6502,4.5558,0.0338
swin,pytorch,CPU,40,4.5733,4.5527,4.4630,4.6502,4.5558,0.0338
swin,pytorch,CPU,41,4.5824,4.5527,4.4630,4.6502,4.5558,0.0338
swin,pytorch,CPU,42,4.5889,4.5527,4.4630,4.6502,4.5558,0.0338
swin,pytorch,CPU,43,4.5562,4.5527,4.4630,4.6502,4.5558,0.0338
swin,pytorch,CPU,44,4.5555,4.5527,4.4630,4.6502,4.5558,0.0338
swin,pytorch,CPU,45,4.5920,4.5527,4.4630,4.6502,4.5558,0.0338
swin,pytorch,CPU,46,4.5525,4.5527,4.4630,4.6502,4.5558,0.0338
swin,pytorch,CPU,47,4.5773,4.5527,4.4630,4.6502,4.5558,0.0338
swin,pytorch,CPU,48,4.5439,4.5527,4.4630,4.6502,4.5558,0.0338
swin,pytorch,CPU,49,4.5321,4.5527,4.4630,4.6502,4.5558,0.0338
swin,pytorch,CPU,50,4.5800,4.5527,4.4630,4.6502,4.5558,0.0338
swin,pytorch,CPU,51,4.5999,4.5527,4.4630,4.6502,4.5558,0.0338
swin,pytorch,CPU,52,4.5334,4.5527,4.4630,4.6502,4.5558,0.0338
swin,pytorch,CPU,53,4.5592,4.5527,4.4630,4.6502,4.5558,0.0338
swin,pytorch,CPU,54,4.5595,4.5527,4.4630,4.6502,4.5558,0.0338
swin,pytorch,CPU,55,4.5970,4.5527,4.4630,4.6502,4.5558,0.0338
swin,pytorch,CPU,56,4.5713,4.5527,4.4630,4.6502,4.5558,0.0338
swin,pytorch,CPU,57,4.5296,4.5527,4.4630,4.6502,4.5558,0.0338
swin,pytorch,CPU,58,4.5522,4.5527,4.4630,4.6502,4.5558,0.0338
swin,pytorch,CPU,59,4.5927,4.5527,4.4630,4.6502,4.5558,0.0338
swin,pytorch,CPU,60,4.5589,4.5527,4.4630,4.6502,4.5558,0.0338
swin,pytorch,CPU,61,4.5559,4.5527,4.4630,4.6502,4.5558,0.0338
swin,pytorch,CPU,62,4.5711,4.5527,4.4630,4.6502,4.5558,0.0338
swin,pytorch,CPU,63,4.5796,4.5527,4.4630,4.6502,4.5558,0.0338
swin,pytorch,CPU,64,4.5558,4.5527,4.4630,4.6502,4.5558,0.0338
swin,pytorch,CPU,65,4.5551,4.5527,4.4630,4.6502,4.5558,0.0338
swin,pytorch,CPU,66,4.5824,4.5527,4.4630,4.6502,4.5558,0.0338
swin,pytorch,CPU,67,4.5776,4.5527,4.4630,4.6502,4.5558,0.0338
swin,pytorch,CPU,68,4.5780,4.5527,4.4630,4.6502,4.5558,0.0338
swin,pytorch,CPU,69,4.5838,4.5527,4.4630,4.6502,4.5558,0.0338
swin,pytorch,CPU,70,4.5883,4.5527,4.4630,4.6502,4.5558,0.0338
swin,pytorch,CPU,71,4.5831,4.5527,4.4630,4.6502,4.5558,0.0338
swin,pytorch,CPU,72,4.5621,4.5527,4.4630,4.6502,4.5558,0.0338
swin,pytorch,CPU,73,4.5789,4.5527,4.4630,4.6502,4.5558,0.0338
swin,pytorch,CPU,74,4.5701,4.5527,4.4630,4.6502,4.5558,0.0338
swin,pytorch,CPU,75,4.5762,4.5527,4.4630,4.6502,4.5558,0.0338
swin,pytorch,CPU,76,4.6249,4.5527,4.4630,4.6502,4.5558,0.0338
swin,pytorch,CPU,77,4.5565,4.5527,4.4630,4.6502,4.5558,0.0338
swin,pytorch,CPU,78,4.5002,4.5527,4.4630,4.6502,4.5558,0.0338
swin,pytorch,CPU,79,4.5257,4.5527,4.4630,4.6502,4.5558,0.0338
swin,pytorch,CPU,80,4.5495,4.5527,4.4630,4.6502,4.5558,0.0338
swin,pytorch,CPU,81,4.5627,4.5527,4.4630,4.6502,4.5558,0.0338
swin,pytorch,CPU,82,4.5282,4.5527,4.4630,4.6502,4.5558,0.0338
swin,pytorch,CPU,83,4.5448,4.5527,4.4630,4.6502,4.5558,0.0338
swin,pytorch,CPU,84,4.5121,4.5527,4.4630,4.6502,4.5558,0.0338
swin,pytorch,CPU,85,4.5781,4.5527,4.4630,4.6502,4.5558,0.0338
swin,pytorch,CPU,86,4.5806,4.5527,4.4630,4.6502,4.5558,0.0338
swin,pytorch,CPU,87,4.5463,4.5527,4.4630,4.6502,4.5558,0.0338
swin,pytorch,CPU,88,4.5441,4.5527,4.4630,4.6502,4.5558,0.0338
swin,pytorch,CPU,89,4.5700,4.5527,4.4630,4.6502,4.5558,0.0338
swin,pytorch,CPU,90,4.6079,4.5527,4.4630,4.6502,4.5558,0.0338
swin,pytorch,CPU,91,4.5539,4.5527,4.4630,4.6502,4.5558,0.0338
swin,pytorch,CPU,92,4.5726,4.5527,4.4630,4.6502,4.5558,0.0338
swin,pytorch,CPU,93,4.5578,4.5527,4.4630,4.6502,4.5558,0.0338
swin,pytorch,CPU,94,4.5661,4.5527,4.4630,4.6502,4.5558,0.0338
swin,pytorch,CPU,95,4.5366,4.5527,4.4630,4.6502,4.5558,0.0338
swin,pytorch,CPU,96,4.5398,4.5527,4.4630,4.6502,4.5558,0.0338
swin,pytorch,CPU,97,4.5574,4.5527,4.4630,4.6502,4.5558,0.0338
swin,pytorch,CPU,98,4.5789,4.5527,4.4630,4.6502,4.5558,0.0338
swin,pytorch,CPU,99,4.5515,4.5527,4.4630,4.6502,4.5558,0.0338
swin,pytorch,CPU,100,4.5599,4.5527,4.4630,4.6502,4.5558,0.0338
swin,pytorch,GPU,1,0.6970,0.7055,0.6858,0.7296,0.7058,0.0106
swin,pytorch,GPU,2,0.7207,0.7055,0.6858,0.7296,0.7058,0.0106
swin,pytorch,GPU,3,0.7207,0.7055,0.6858,0.7296,0.7058,0.0106
swin,pytorch,GPU,4,0.6958,0.7055,0.6858,0.7296,0.7058,0.0106
swin,pytorch,GPU,5,0.7204,0.7055,0.6858,0.7296,0.7058,0.0106
swin,pytorch,GPU,6,0.7229,0.7055,0.6858,0.7296,0.7058,0.0106
swin,pytorch,GPU,7,0.6947,0.7055,0.6858,0.7296,0.7058,0.0106
swin,pytorch,GPU,8,0.7286,0.7055,0.6858,0.7296,0.7058,0.0106
swin,pytorch,GPU,9,0.6979,0.7055,0.6858,0.7296,0.7058,0.0106
swin,pytorch,GPU,10,0.7203,0.7055,0.6858,0.7296,0.7058,0.0106
swin,pytorch,GPU,11,0.7233,0.7055,0.6858,0.7296,0.7058,0.0106
swin,pytorch,GPU,12,0.6989,0.7055,0.6858,0.7296,0.7058,0.0106
swin,pytorch,GPU,13,0.6926,0.7055,0.6858,0.7296,0.7058,0.0106
swin,pytorch,GPU,14,0.7047,0.7055,0.6858,0.7296,0.7058,0.0106
swin,pytorch,GPU,15,0.6994,0.7055,0.6858,0.7296,0.7058,0.0106
swin,pytorch,GPU,16,0.6957,0.7055,0.6858,0.7296,0.7058,0.0106
swin,pytorch,GPU,17,0.6908,0.7055,0.6858,0.7296,0.7058,0.0106
swin,pytorch,GPU,18,0.7067,0.7055,0.6858,0.7296,0.7058,0.0106
swin,pytorch,GPU,19,0.7188,0.7055,0.6858,0.7296,0.7058,0.0106
swin,pytorch,GPU,20,0.6936,0.7055,0.6858,0.7296,0.7058,0.0106
swin,pytorch,GPU,21,0.6906,0.7055,0.6858,0.7296,0.7058,0.0106
swin,pytorch,GPU,22,0.6927,0.7055,0.6858,0.7296,0.7058,0.0106
swin,pytorch,GPU,23,0.6996,0.7055,0.6858,0.7296,0.7058,0.0106
swin,pytorch,GPU,24,0.6943,0.7055,0.6858,0.7296,0.7058,0.0106
swin,pytorch,GPU,25,0.7054,0.7055,0.6858,0.7296,0.7058,0.0106
swin,pytorch,GPU,26,0.6953,0.7055,0.6858,0.7296,0.7058,0.0106
swin,pytorch,GPU,27,0.7050,0.7055,0.6858,0.7296,0.7058,0.0106
swin,pytorch,GPU,28,0.7192,0.7055,0.6858,0.7296,0.7058,0.0106
swin,pytorch,GPU,29,0.7154,0.7055,0.6858,0.7296,0.7058,0.0106
swin,pytorch,GPU,30,0.6936,0.7055,0.6858,0.7296,0.7058,0.0106
swin,pytorch,GPU,31,0.7194,0.7055,0.6858,0.7296,0.7058,0.0106
swin,pytorch,GPU,32,0.7011,0.7055,0.6858,0.7296,0.7058,0.0106
swin,pytorch,GPU,33,0.7122,0.7055,0.6858,0.7296,0.7058,0.0106
swin,pytorch,GPU,34,0.6931,0.7055,0.6858,0.7296,0.7058,0.0106
swin,pytorch,GPU,35,0.7179,0.7055,0.6858,0.7296,0.7058,0.0106
swin,pytorch,GPU,36,0.7226,0.7055,0.6858,0.7296,0.7058,0.0106
swin,pytorch,GPU,37,0.7034,0.7055,0.6858,0.7296,0.7058,0.0106
swin,pytorch,GPU,38,0.7178,0.7055,0.6858,0.7296,0.7058,0.0106
swin,pytorch,GPU,39,0.7009,0.7055,0.6858,0.7296,0.7058,0.0106
swin,pytorch,GPU,40,0.6979,0.7055,0.6858,0.7296,0.7058,0.0106
swin,pytorch,GPU,41,0.7066,0.7055,0.6858,0.7296,0.7058,0.0106
swin,pytorch,GPU,42,0.6905,0.7055,0.6858,0.7296,0.7058,0.0106
swin,pytorch,GPU,43,0.6936,0.7055,0.6858,0.7296,0.7058,0.0106
swin,pytorch,GPU,44,0.7011,0.7055,0.6858,0.7296,0.7058,0.0106
swin,pytorch,GPU,45,0.6976,0.7055,0.6858,0.7296,0.7058,0.0106
swin,pytorch,GPU,46,0.6918,0.7055,0.6858,0.7296,0.7058,0.0106
swin,pytorch,GPU,47,0.7156,0.7055,0.6858,0.7296,0.7058,0.0106
swin,pytorch,GPU,48,0.6996,0.7055,0.6858,0.7296,0.7058,0.0106
swin,pytorch,GPU,49,0.6935,0.7055,0.6858,0.7296,0.7058,0.0106
swin,pytorch,GPU,50,0.7125,0.7055,0.6858,0.7296,0.7058,0.0106
swin,pytorch,GPU,51,0.7102,0.7055,0.6858,0.7296,0.7058,0.0106
swin,pytorch,GPU,52,0.7106,0.7055,0.6858,0.7296,0.7058,0.0106
swin,pytorch,GPU,53,0.6968,0.7055,0.6858,0.7296,0.7058,0.0106
swin,pytorch,GPU,54,0.7113,0.7055,0.6858,0.7296,0.7058,0.0106
swin,pytorch,GPU,55,0.6971,0.7055,0.6858,0.7296,0.7058,0.0106
swin,pytorch,GPU,56,0.7091,0.7055,0.6858,0.7296,0.7058,0.0106
swin,pytorch,GPU,57,0.6916,0.7055,0.6858,0.7296,0.7058,0.0106
swin,pytorch,GPU,58,0.7087,0.7055,0.6858,0.7296,0.7058,0.0106
swin,pytorch,GPU,59,0.7090,0.7055,0.6858,0.7296,0.7058,0.0106
swin,pytorch,GPU,60,0.7147,0.7055,0.6858,0.7296,0.7058,0.0106
swin,pytorch,GPU,61,0.7078,0.7055,0.6858,0.7296,0.7058,0.0106
swin,pytorch,GPU,62,0.7094,0.7055,0.6858,0.7296,0.7058,0.0106
swin,pytorch,GPU,63,0.7013,0.7055,0.6858,0.7296,0.7058,0.0106
swin,pytorch,GPU,64,0.7032,0.7055,0.6858,0.7296,0.7058,0.0106
swin,pytorch,GPU,65,0.7258,0.7055,0.6858,0.7296,0.7058,0.0106
swin,pytorch,GPU,66,0.7219,0.7055,0.6858,0.7296,0.7058,0.0106
swin,pytorch,GPU,67,0.7146,0.7055,0.6858,0.7296,0.7058,0.0106
swin,pytorch,GPU,68,0.7070,0.7055,0.6858,0.7296,0.7058,0.0106
swin,pytorch,GPU,69,0.7082,0.7055,0.6858,0.7296,0.7058,0.0106
swin,pytorch,GPU,70,0.7015,0.7055,0.6858,0.7296,0.7058,0.0106
swin,pytorch,GPU,71,0.6946,0.7055,0.6858,0.7296,0.7058,0.0106
swin,pytorch,GPU,72,0.6911,0.7055,0.6858,0.7296,0.7058,0.0106
swin,pytorch,GPU,73,0.7021,0.7055,0.6858,0.7296,0.7058,0.0106
swin,pytorch,GPU,74,0.7071,0.7055,0.6858,0.7296,0.7058,0.0106
swin,pytorch,GPU,75,0.7051,0.7055,0.6858,0.7296,0.7058,0.0106
swin,pytorch,GPU,76,0.6923,0.7055,0.6858,0.7296,0.7058,0.0106
swin,pytorch,GPU,77,0.7023,0.7055,0.6858,0.7296,0.7058,0.0106
swin,pytorch,GPU,78,0.7128,0.7055,0.6858,0.7296,0.7058,0.0106
swin,pytorch,GPU,79,0.7094,0.7055,0.6858,0.7296,0.7058,0.0106
swin,pytorch,GPU,80,0.7094,0.7055,0.6858,0.7296,0.7058,0.0106
swin,pytorch,GPU,81,0.7187,0.7055,0.6858,0.7296,0.7058,0.0106
swin,pytorch,GPU,82,0.7102,0.7055,0.6858,0.7296,0.7058,0.0106
swin,pytorch,GPU,83,0.6858,0.7055,0.6858,0.7296,0.7058,0.0106
swin,pytorch,GPU,84,0.7134,0.7055,0.6858,0.7296,0.7058,0.0106
swin,pytorch,GPU,85,0.6960,0.7055,0.6858,0.7296,0.7058,0.0106
swin,pytorch,GPU,86,0.7037,0.7055,0.6858,0.7296,0.7058,0.0106
swin,pytorch,GPU,87,0.7078,0.7055,0.6858,0.7296,0.7058,0.0106
swin,pytorch,GPU,88,0.7123,0.7055,0.6858,0.7296,0.7058,0.0106
swin,pytorch,GPU,89,0.7149,0.7055,0.6858,0.7296,0.7058,0.0106
swin,pytorch,GPU,90,0.7144,0.7055,0.6858,0.7296,0.7058,0.0106
swin,pytorch,GPU,91,0.7084,0.7055,0.6858,0.7296,0.7058,0.0106
swin,pytorch,GPU,92,0.7061,0.7055,0.6858,0.7296,0.7058,0.0106
swin,pytorch,GPU,93,0.7158,0.7055,0.6858,0.7296,0.7058,0.0106
swin,pytorch,GPU,94,0.6962,0.7055,0.6858,0.7296,0.7058,0.0106
swin,pytorch,GPU,95,0.7296,0.7055,0.6858,0.7296,0.7058,0.0106
swin,pytorch,GPU,96,0.6859,0.7055,0.6858,0.7296,0.7058,0.0106
swin,pytorch,GPU,97,0.6906,0.7055,0.6858,0.7296,0.7058,0.0106
swin,pytorch,GPU,98,0.7119,0.7055,0.6858,0.7296,0.7058,0.0106
swin,pytorch,GPU,99,0.6884,0.7055,0.6858,0.7296,0.7058,0.0106
swin,pytorch,GPU,100,0.7113,0.7055,0.6858,0.7296,0.7058,0.0106
swin,torchscript,CPU,1,4.4472,4.4344,4.3126,4.5050,4.4378,0.0291
swin,torchscript,CPU,2,4.4734,4.4344,4.3126,4.5050,4.4378,0.0291
swin,torchscript,CPU,3,4.4452,4.4344,4.3126,4.5050,4.4378,0.0291
swin,torchscript,CPU,4,4.4618,4.4344,4.3126,4.5050,4.4378,0.0291
swin,torchscript,CPU,5,4.4186,4.4344,4.3126,4.5050,4.4378,0.0291
swin,torchscript,CPU,6,4.4389,4.4344,4.3126,4.5050,4.4378,0.0291
swin,torchscript,CPU,7,4.4546,4.4344,4.3126,4.5050,4.4378,0.0291
swin,torchscript,CPU,8,4.4879,4.4344,4.3126,4.5050,4.4378,0.0291
swin,torchscript,CPU,9,4.4540,4.4344,4.3126,4.5050,4.4378,0.0291
swin,torchscript,CPU,10,4.4392,4.4344,4.3126,4.5050,4.4378,0.0291
swin,torchscript,CPU,11,4.4456,4.4344,4.3126,4.5050,4.4378,0.0291
swin,torchscript,CPU,12,4.4388,4.4344,4.3126,4.5050,4.4378,0.0291
swin,torchscript,CPU,13,4.3923,4.4344,4.3126,4.5050,4.4378,0.0291
swin,torchscript,CPU,14,4.4447,4.4344,4.3126,4.5050,4.4378,0.0291
swin,torchscript,CPU,15,4.5050,4.4344,4.3126,4.5050,4.4378,0.0291
swin,torchscript,CPU,16,4.3939,4.4344,4.3126,4.5050,4.4378,0.0291
swin,torchscript,CPU,17,4.3933,4.4344,4.3126,4.5050,4.4378,0.0291
swin,torchscript,CPU,18,4.4238,4.4344,4.3126,4.5050,4.4378,0.0291
swin,torchscript,CPU,19,4.3821,4.4344,4.3126,4.5050,4.4378,0.0291
swin,torchscript,CPU,20,4.4035,4.4344,4.3126,4.5050,4.4378,0.0291
swin,torchscript,CPU,21,4.3981,4.4344,4.3126,4.5050,4.4378,0.0291
swin,torchscript,CPU,22,4.4299,4.4344,4.3126,4.5050,4.4378,0.0291
swin,torchscript,CPU,23,4.4221,4.4344,4.3126,4.5050,4.4378,0.0291
swin,torchscript,CPU,24,4.4197,4.4344,4.3126,4.5050,4.4378,0.0291
swin,torchscript,CPU,25,4.4311,4.4344,4.3126,4.5050,4.4378,0.0291
swin,torchscript,CPU,26,4.4627,4.4344,4.3126,4.5050,4.4378,0.0291
swin,torchscript,CPU,27,4.4368,4.4344,4.3126,4.5050,4.4378,0.0291
swin,torchscript,CPU,28,4.4055,4.4344,4.3126,4.5050,4.4378,0.0291
swin,torchscript,CPU,29,4.4051,4.4344,4.3126,4.5050,4.4378,0.0291
swin,torchscript,CPU,30,4.4151,4.4344,4.3126,4.5050,4.4378,0.0291
swin,torchscript,CPU,31,4.3912,4.4344,4.3126,4.5050,4.4378,0.0291
swin,torchscript,CPU,32,4.4513,4.4344,4.3126,4.5050,4.4378,0.0291
swin,torchscript,CPU,33,4.4210,4.4344,4.3126,4.5050,4.4378,0.0291
swin,torchscript,CPU,34,4.4189,4.4344,4.3126,4.5050,4.4378,0.0291
swin,torchscript,CPU,35,4.4277,4.4344,4.3126,4.5050,4.4378,0.0291
swin,torchscript,CPU,36,4.4408,4.4344,4.3126,4.5050,4.4378,0.0291
swin,torchscript,CPU,37,4.4341,4.4344,4.3126,4.5050,4.4378,0.0291
swin,torchscript,CPU,38,4.4336,4.4344,4.3126,4.5050,4.4378,0.0291
swin,torchscript,CPU,39,4.4247,4.4344,4.3126,4.5050,4.4378,0.0291
swin,torchscript,CPU,40,4.3889,4.4344,4.3126,4.5050,4.4378,0.0291
swin,torchscript,CPU,41,4.4167,4.4344,4.3126,4.5050,4.4378,0.0291
swin,torchscript,CPU,42,4.4411,4.4344,4.3126,4.5050,4.4378,0.0291
swin,torchscript,CPU,43,4.4432,4.4344,4.3126,4.5050,4.4378,0.0291
swin,torchscript,CPU,44,4.4885,4.4344,4.3126,4.5050,4.4378,0.0291
swin,torchscript,CPU,45,4.4624,4.4344,4.3126,4.5050,4.4378,0.0291
swin,torchscript,CPU,46,4.4519,4.4344,4.3126,4.5050,4.4378,0.0291
swin,torchscript,CPU,47,4.4352,4.4344,4.3126,4.5050,4.4378,0.0291
swin,torchscript,CPU,48,4.4024,4.4344,4.3126,4.5050,4.4378,0.0291
swin,torchscript,CPU,49,4.4883,4.4344,4.3126,4.5050,4.4378,0.0291
swin,torchscript,CPU,50,4.4532,4.4344,4.3126,4.5050,4.4378,0.0291
swin,torchscript,CPU,51,4.4514,4.4344,4.3126,4.5050,4.4378,0.0291
swin,torchscript,CPU,52,4.4557,4.4344,4.3126,4.5050,4.4378,0.0291
swin,torchscript,CPU,53,4.4506,4.4344,4.3126,4.5050,4.4378,0.0291
swin,torchscript,CPU,54,4.4332,4.4344,4.3126,4.5050,4.4378,0.0291
swin,torchscript,CPU,55,4.4404,4.4344,4.3126,4.5050,4.4378,0.0291
swin,torchscript,CPU,56,4.4338,4.4344,4.3126,4.5050,4.4378,0.0291
swin,torchscript,CPU,57,4.4368,4.4344,4.3126,4.5050,4.4378,0.0291
swin,torchscript,CPU,58,4.4197,4.4344,4.3126,4.5050,4.4378,0.0291
swin,torchscript,CPU,59,4.4213,4.4344,4.3126,4.5050,4.4378,0.0291
swin,torchscript,CPU,60,4.4256,4.4344,4.3126,4.5050,4.4378,0.0291
swin,torchscript,CPU,61,4.4339,4.4344,4.3126,4.5050,4.4378,0.0291
swin,torchscript,CPU,62,4.4161,4.4344,4.3126,4.5050,4.4378,0.0291
swin,torchscript,CPU,63,4.4565,4.4344,4.3126,4.5050,4.4378,0.0291
swin,torchscript,CPU,64,4.4684,4.4344,4.3126,4.5050,4.4378,0.0291
swin,torchscript,CPU,65,4.4200,4.4344,4.3126,4.5050,4.4378,0.0291
swin,torchscript,CPU,66,4.3126,4.4344,4.3126,4.5050,4.4378,0.0291
swin,torchscript,CPU,67,4.4081,4.4344,4.3126,4.5050,4.4378,0.0291
swin,torchscript,CPU,68,4.4457,4.4344,4.3126,4.5050,4.4378,0.0291
swin,torchscript,CPU,69,4.4522,4.4344,4.3126,4.5050,4.4378,0.0291
swin,torchscript,CPU,70,4.4220,4.4344,4.3126,4.5050,4.4378,0.0291
swin,torchscript,CPU,71,4.4502,4.4344,4.3126,4.5050,4.4378,0.0291
swin,torchscript,CPU,72,4.4577,4.4344,4.3126,4.5050,4.4378,0.0291
swin,torchscript,CPU,73,4.4404,4.4344,4.3126,4.5050,4.4378,0.0291
swin,torchscript,CPU,74,4.4307,4.4344,4.3126,4.5050,4.4378,0.0291
swin,torchscript,CPU,75,4.4269,4.4344,4.3126,4.5050,4.4378,0.0291
swin,torchscript,CPU,76,4.4648,4.4344,4.3126,4.5050,4.4378,0.0291
swin,torchscript,CPU,77,4.4614,4.4344,4.3126,4.5050,4.4378,0.0291
swin,torchscript,CPU,78,4.4640,4.4344,4.3126,4.5050,4.4378,0.0291
swin,torchscript,CPU,79,4.4752,4.4344,4.3126,4.5050,4.4378,0.0291
swin,torchscript,CPU,80,4.4447,4.4344,4.3126,4.5050,4.4378,0.0291
swin,torchscript,CPU,81,4.4691,4.4344,4.3126,4.5050,4.4378,0.0291
swin,torchscript,CPU,82,4.4759,4.4344,4.3126,4.5050,4.4378,0.0291
swin,torchscript,CPU,83,4.4670,4.4344,4.3126,4.5050,4.4378,0.0291
swin,torchscript,CPU,84,4.4103,4.4344,4.3126,4.5050,4.4378,0.0291
swin,torchscript,CPU,85,4.4615,4.4344,4.3126,4.5050,4.4378,0.0291
swin,torchscript,CPU,86,4.4389,4.4344,4.3126,4.5050,4.4378,0.0291
swin,torchscript,CPU,87,4.4427,4.4344,4.3126,4.5050,4.4378,0.0291
swin,torchscript,CPU,88,4.4499,4.4344,4.3126,4.5050,4.4378,0.0291
swin,torchscript,CPU,89,4.4203,4.4344,4.3126,4.5050,4.4378,0.0291
swin,torchscript,CPU,90,4.4069,4.4344,4.3126,4.5050,4.4378,0.0291
swin,torchscript,CPU,91,4.4442,4.4344,4.3126,4.5050,4.4378,0.0291
swin,torchscript,CPU,92,4.4319,4.4344,4.3126,4.5050,4.4378,0.0291
swin,torchscript,CPU,93,4.4349,4.4344,4.3126,4.5050,4.4378,0.0291
swin,torchscript,CPU,94,4.3403,4.4344,4.3126,4.5050,4.4378,0.0291
swin,torchscript,CPU,95,4.4394,4.4344,4.3126,4.5050,4.4378,0.0291
swin,torchscript,CPU,96,4.3728,4.4344,4.3126,4.5050,4.4378,0.0291
swin,torchscript,CPU,97,4.4125,4.4344,4.3126,4.5050,4.4378,0.0291
swin,torchscript,CPU,98,4.4289,4.4344,4.3126,4.5050,4.4378,0.0291
swin,torchscript,CPU,99,4.4445,4.4344,4.3126,4.5050,4.4378,0.0291
swin,torchscript,CPU,100,4.4471,4.4344,4.3126,4.5050,4.4378,0.0291
swin,torchscript,GPU,1,0.6823,0.6974,0.6679,0.7235,0.7005,0.0146
swin,torchscript,GPU,2,0.7135,0.6974,0.6679,0.7235,0.7005,0.0146
swin,torchscript,GPU,3,0.7019,0.6974,0.6679,0.7235,0.7005,0.0146
swin,torchscript,GPU,4,0.7051,0.6974,0.6679,0.7235,0.7005,0.0146
swin,torchscript,GPU,5,0.6938,0.6974,0.6679,0.7235,0.7005,0.0146
swin,torchscript,GPU,6,0.7148,0.6974,0.6679,0.7235,0.7005,0.0146
swin,torchscript,GPU,7,0.7078,0.6974,0.6679,0.7235,0.7005,0.0146
swin,torchscript,GPU,8,0.7056,0.6974,0.6679,0.7235,0.7005,0.0146
swin,torchscript,GPU,9,0.6793,0.6974,0.6679,0.7235,0.7005,0.0146
swin,torchscript,GPU,10,0.7156,0.6974,0.6679,0.7235,0.7005,0.0146
swin,torchscript,GPU,11,0.6984,0.6974,0.6679,0.7235,0.7005,0.0146
swin,torchscript,GPU,12,0.6944,0.6974,0.6679,0.7235,0.7005,0.0146
swin,torchscript,GPU,13,0.6938,0.6974,0.6679,0.7235,0.7005,0.0146
swin,torchscript,GPU,14,0.6833,0.6974,0.6679,0.7235,0.7005,0.0146
swin,torchscript,GPU,15,0.7105,0.6974,0.6679,0.7235,0.7005,0.0146
swin,torchscript,GPU,16,0.6836,0.6974,0.6679,0.7235,0.7005,0.0146
swin,torchscript,GPU,17,0.7106,0.6974,0.6679,0.7235,0.7005,0.0146
swin,torchscript,GPU,18,0.7102,0.6974,0.6679,0.7235,0.7005,0.0146
swin,torchscript,GPU,19,0.7053,0.6974,0.6679,0.7235,0.7005,0.0146
swin,torchscript,GPU,20,0.7100,0.6974,0.6679,0.7235,0.7005,0.0146
swin,torchscript,GPU,21,0.7119,0.6974,0.6679,0.7235,0.7005,0.0146
swin,torchscript,GPU,22,0.7045,0.6974,0.6679,0.7235,0.7005,0.0146
swin,torchscript,GPU,23,0.7096,0.6974,0.6679,0.7235,0.7005,0.0146
swin,torchscript,GPU,24,0.7108,0.6974,0.6679,0.7235,0.7005,0.0146
swin,torchscript,GPU,25,0.7043,0.6974,0.6679,0.7235,0.7005,0.0146
swin,torchscript,GPU,26,0.6800,0.6974,0.6679,0.7235,0.7005,0.0146
swin,torchscript,GPU,27,0.7069,0.6974,0.6679,0.7235,0.7005,0.0146
swin,torchscript,GPU,28,0.7015,0.6974,0.6679,0.7235,0.7005,0.0146
swin,torchscript,GPU,29,0.6861,0.6974,0.6679,0.7235,0.7005,0.0146
swin,torchscript,GPU,30,0.7049,0.6974,0.6679,0.7235,0.7005,0.0146
swin,torchscript,GPU,31,0.6779,0.6974,0.6679,0.7235,0.7005,0.0146
swin,torchscript,GPU,32,0.7181,0.6974,0.6679,0.7235,0.7005,0.0146
swin,torchscript,GPU,33,0.7059,0.6974,0.6679,0.7235,0.7005,0.0146
swin,torchscript,GPU,34,0.7026,0.6974,0.6679,0.7235,0.7005,0.0146
swin,torchscript,GPU,35,0.6962,0.6974,0.6679,0.7235,0.7005,0.0146
swin,torchscript,GPU,36,0.7089,0.6974,0.6679,0.7235,0.7005,0.0146
swin,torchscript,GPU,37,0.7030,0.6974,0.6679,0.7235,0.7005,0.0146
swin,torchscript,GPU,38,0.6974,0.6974,0.6679,0.7235,0.7005,0.0146
swin,torchscript,GPU,39,0.6679,0.6974,0.6679,0.7235,0.7005,0.0146
swin,torchscript,GPU,40,0.6887,0.6974,0.6679,0.7235,0.7005,0.0146
swin,torchscript,GPU,41,0.6758,0.6974,0.6679,0.7235,0.7005,0.0146
swin,torchscript,GPU,42,0.6725,0.6974,0.6679,0.7235,0.7005,0.0146
swin,torchscript,GPU,43,0.6995,0.6974,0.6679,0.7235,0.7005,0.0146
swin,torchscript,GPU,44,0.6708,0.6974,0.6679,0.7235,0.7005,0.0146
swin,torchscript,GPU,45,0.6947,0.6974,0.6679,0.7235,0.7005,0.0146
swin,torchscript,GPU,46,0.6744,0.6974,0.6679,0.7235,0.7005,0.0146
swin,torchscript,GPU,47,0.7011,0.6974,0.6679,0.7235,0.7005,0.0146
swin,torchscript,GPU,48,0.6748,0.6974,0.6679,0.7235,0.7005,0.0146
swin,torchscript,GPU,49,0.6764,0.6974,0.6679,0.7235,0.7005,0.0146
swin,torchscript,GPU,50,0.6913,0.6974,0.6679,0.7235,0.7005,0.0146
swin,torchscript,GPU,51,0.6829,0.6974,0.6679,0.7235,0.7005,0.0146
swin,torchscript,GPU,52,0.6813,0.6974,0.6679,0.7235,0.7005,0.0146
swin,torchscript,GPU,53,0.6953,0.6974,0.6679,0.7235,0.7005,0.0146
swin,torchscript,GPU,54,0.7034,0.6974,0.6679,0.7235,0.7005,0.0146
swin,torchscript,GPU,55,0.6723,0.6974,0.6679,0.7235,0.7005,0.0146
swin,torchscript,GPU,56,0.7028,0.6974,0.6679,0.7235,0.7005,0.0146
swin,torchscript,GPU,57,0.6732,0.6974,0.6679,0.7235,0.7005,0.0146
swin,torchscript,GPU,58,0.6763,0.6974,0.6679,0.7235,0.7005,0.0146
swin,torchscript,GPU,59,0.6777,0.6974,0.6679,0.7235,0.7005,0.0146
swin,torchscript,GPU,60,0.7185,0.6974,0.6679,0.7235,0.7005,0.0146
swin,torchscript,GPU,61,0.6936,0.6974,0.6679,0.7235,0.7005,0.0146
swin,torchscript,GPU,62,0.7042,0.6974,0.6679,0.7235,0.7005,0.0146
swin,torchscript,GPU,63,0.6724,0.6974,0.6679,0.7235,0.7005,0.0146
swin,torchscript,GPU,64,0.6918,0.6974,0.6679,0.7235,0.7005,0.0146
swin,torchscript,GPU,65,0.7021,0.6974,0.6679,0.7235,0.7005,0.0146
swin,torchscript,GPU,66,0.6730,0.6974,0.6679,0.7235,0.7005,0.0146
swin,torchscript,GPU,67,0.7003,0.6974,0.6679,0.7235,0.7005,0.0146
swin,torchscript,GPU,68,0.6764,0.6974,0.6679,0.7235,0.7005,0.0146
swin,torchscript,GPU,69,0.6720,0.6974,0.6679,0.7235,0.7005,0.0146
swin,torchscript,GPU,70,0.6976,0.6974,0.6679,0.7235,0.7005,0.0146
swin,torchscript,GPU,71,0.7071,0.6974,0.6679,0.7235,0.7005,0.0146
swin,torchscript,GPU,72,0.6903,0.6974,0.6679,0.7235,0.7005,0.0146
swin,torchscript,GPU,73,0.7121,0.6974,0.6679,0.7235,0.7005,0.0146
swin,torchscript,GPU,74,0.7085,0.6974,0.6679,0.7235,0.7005,0.0146
swin,torchscript,GPU,75,0.6996,0.6974,0.6679,0.7235,0.7005,0.0146
swin,torchscript,GPU,76,0.6811,0.6974,0.6679,0.7235,0.7005,0.0146
swin,torchscript,GPU,77,0.7119,0.6974,0.6679,0.7235,0.7005,0.0146
swin,torchscript,GPU,78,0.6900,0.6974,0.6679,0.7235,0.7005,0.0146
swin,torchscript,GPU,79,0.6962,0.6974,0.6679,0.7235,0.7005,0.0146
swin,torchscript,GPU,80,0.6958,0.6974,0.6679,0.7235,0.7005,0.0146
swin,torchscript,GPU,81,0.7163,0.6974,0.6679,0.7235,0.7005,0.0146
swin,torchscript,GPU,82,0.6776,0.6974,0.6679,0.7235,0.7005,0.0146
swin,torchscript,GPU,83,0.7088,0.6974,0.6679,0.7235,0.7005,0.0146
swin,torchscript,GPU,84,0.7011,0.6974,0.6679,0.7235,0.7005,0.0146
swin,torchscript,GPU,85,0.7074,0.6974,0.6679,0.7235,0.7005,0.0146
swin,torchscript,GPU,86,0.7162,0.6974,0.6679,0.7235,0.7005,0.0146
swin,torchscript,GPU,87,0.6871,0.6974,0.6679,0.7235,0.7005,0.0146
swin,torchscript,GPU,88,0.7136,0.6974,0.6679,0.7235,0.7005,0.0146
swin,torchscript,GPU,89,0.6929,0.6974,0.6679,0.7235,0.7005,0.0146
swin,torchscript,GPU,90,0.7141,0.6974,0.6679,0.7235,0.7005,0.0146
swin,torchscript,GPU,91,0.7229,0.6974,0.6679,0.7235,0.7005,0.0146
swin,torchscript,GPU,92,0.7235,0.6974,0.6679,0.7235,0.7005,0.0146
swin,torchscript,GPU,93,0.7111,0.6974,0.6679,0.7235,0.7005,0.0146
swin,torchscript,GPU,94,0.7136,0.6974,0.6679,0.7235,0.7005,0.0146
swin,torchscript,GPU,95,0.6889,0.6974,0.6679,0.7235,0.7005,0.0146
swin,torchscript,GPU,96,0.7174,0.6974,0.6679,0.7235,0.7005,0.0146
swin,torchscript,GPU,97,0.7169,0.6974,0.6679,0.7235,0.7005,0.0146
swin,torchscript,GPU,98,0.7220,0.6974,0.6679,0.7235,0.7005,0.0146
swin,torchscript,GPU,99,0.6914,0.6974,0.6679,0.7235,0.7005,0.0146
swin,torchscript,GPU,100,0.7006,0.6974,0.6679,0.7235,0.7005,0.0146
